source_family,source_id,product_id,year,variable,depth_cm,stable_citation_or_pid,exact_remote_data_url,exact_remote_metadata_url,service_rest,dataset_pid,aoi_or_derived_sha256,metadata_sha256,note
SILO,SILO_daily_rain_2023,,2023,daily_rain,,,https://s3-ap-southeast-2.amazonaws.com/silo-open-data/Official/annual/daily_rain/2023.daily_rain.nc,,,,3ffb6f8885e56f4551f040e39007b3c79386c134998e97a3695157c5ac7c7152,,Exact frozen acquisition/provenance row from accepted Stage5A manifest
SILO,SILO_daily_rain_2024,,2024,daily_rain,,,https://s3-ap-southeast-2.amazonaws.com/silo-open-data/Official/annual/daily_rain/2024.daily_rain.nc,,,,b565558d87ef2607f4690c4dcab5813f214317d4ab207fcd1ce2049521a52ae5,,Exact frozen acquisition/provenance row from accepted Stage5A manifest
SILO,SILO_et_short_crop_2023,,2023,et_short_crop,,,https://s3-ap-southeast-2.amazonaws.com/silo-open-data/Official/annual/et_short_crop/2023.et_short_crop.nc,,,,c559ed9c0560c57f00fd90289b31fb268609f0c2184d88d8f10f8445a671e30f,,Exact frozen acquisition/provenance row from accepted Stage5A manifest
SILO,SILO_et_short_crop_2024,,2024,et_short_crop,,,https://s3-ap-southeast-2.amazonaws.com/silo-open-data/Official/annual/et_short_crop/2024.et_short_crop.nc,,,,2b2d33d46dc1138da347763c7889f35918fe93c5fd0e3f324a280052c741ddd0,,Exact frozen acquisition/provenance row from accepted Stage5A manifest
TERN_SLGA_R2,SOC_000_005_EV_N_P_AU_TRN_N_20220727,SOC,,,000_005,"Wadoux, A., Dobarco, M., Malone, B., Minasny, B., McBratney, A. & Searle, R. (2024). Soil and Landscape Grid National Soil Attribute Maps - Organic Carbon (3"" resolution) - Release 2. Version 2.0. TERN. https://doi.org/10.25919/ejhm-c070",https://data.tern.org.au/model-derived/slga/NationalMaps/SoilAndLandscapeGrid/SOC/90m/v2/SOC_000_005_EV_N_P_AU_TRN_N_20220727.tif,https://data.tern.org.au/model-derived/slga/NationalMaps/SoilAndLandscapeGrid/SOC/90m/v2/SOC_000_005_EV_N_P_AU_TRN_N_20220727.json,,,893e5bdc51a21f13f7542f1596d41bee7bc6c7331a1b085d5d994fa12da3f246,a0c1fa49fed48d06fa3fa26a1b6271a28f19b0d1aa213bead70bef3b562b6c3c,Exact frozen acquisition/provenance row from accepted Stage5A manifest
TERN_SLGA_R2,SOC_005_015_EV_N_P_AU_TRN_N_20220727,SOC,,,005_015,"Wadoux, A., Dobarco, M., Malone, B., Minasny, B., McBratney, A. & Searle, R. (2024). Soil and Landscape Grid National Soil Attribute Maps - Organic Carbon (3"" resolution) - Release 2. Version 2.0. TERN. https://doi.org/10.25919/ejhm-c070",https://data.tern.org.au/model-derived/slga/NationalMaps/SoilAndLandscapeGrid/SOC/90m/v2/SOC_005_015_EV_N_P_AU_TRN_N_20220727.tif,https://data.tern.org.au/model-derived/slga/NationalMaps/SoilAndLandscapeGrid/SOC/90m/v2/SOC_005_015_EV_N_P_AU_TRN_N_20220727.json,,,30fabe5e0452f8d591d61fcd6cedef682f47d29a84b82a21cb66513328e04f4e,9b58d0cd74a4b3c69ef3dfbe8c6b6d8463df996c13244116125ee32b0f3e2d15,Exact frozen acquisition/provenance row from accepted Stage5A manifest
TERN_SLGA_R2,CLY_000_005_EV_N_P_AU_TRN_N_20210902,CLY,,,000_005,"Malone, B. & Searle, R. (2022). Soil and Landscape Grid National Soil Attribute Maps - Clay (3"" resolution) - Release 2. Version 2. TERN. https://doi.org/10.25919/hc4s-3130",https://data.tern.org.au/model-derived/slga/NationalMaps/SoilAndLandscapeGrid/CLY/v2/CLY_000_005_EV_N_P_AU_TRN_N_20210902.tif,https://data.tern.org.au/model-derived/slga/NationalMaps/SoilAndLandscapeGrid/CLY/v2/CLY_000_005_EV_N_P_AU_TRN_N_20210902.json,,,4dcc03e8d28ed496cc1c8300e7f43e556235b55847d55e26706e9a1ea36f360b,5497eb09d2b20b74f1e4dcb9e1e3d5c8661c354ed0d1908af209e873d2f5b331,Exact frozen acquisition/provenance row from accepted Stage5A manifest
TERN_SLGA_R2,CLY_005_015_EV_N_P_AU_TRN_N_20210902,CLY,,,005_015,"Malone, B. & Searle, R. (2022). Soil and Landscape Grid National Soil Attribute Maps - Clay (3"" resolution) - Release 2. Version 2. TERN. https://doi.org/10.25919/hc4s-3130",https://data.tern.org.au/model-derived/slga/NationalMaps/SoilAndLandscapeGrid/CLY/v2/CLY_005_015_EV_N_P_AU_TRN_N_20210902.tif,https://data.tern.org.au/model-derived/slga/NationalMaps/SoilAndLandscapeGrid/CLY/v2/CLY_005_015_EV_N_P_AU_TRN_N_20210902.json,,,ea2b83d4b7fceb849817e35dbef5f5e1c3b086839af4eef1a7c6bcf861fdcb78,3148575cdcaf911483530217acf5dfe4ce13a28ecd4e0865a5b29ba6ff8c789a,Exact frozen acquisition/provenance row from accepted Stage5A manifest
TERN_SLGA_R2,BDW_000_005_EV_N_P_AU_TRN_N_20230607,BDW,,,000_005,"Malone, B. (2023). Soil and Landscape Grid National Soil Attribute Maps - Bulk Density - Whole Earth - Release 2. Version 2. TERN. https://doi.org/10.25919/gxyn-pd07",https://data.tern.org.au/model-derived/slga/NationalMaps/SoilAndLandscapeGrid/BDW/v2/BDW_000_005_EV_N_P_AU_TRN_N_20230607.tif,https://data.tern.org.au/model-derived/slga/NationalMaps/SoilAndLandscapeGrid/BDW/v2/BDW_000_005_EV_N_P_AU_TRN_N_20230607.json,,,06f2afba5015a4b79c311dae7706ec6833e934b87f1683e38646409def30844d,92d940adbcd1d201e3749a814eb5966294e213ef96756fcc28acde0458d2beea,Exact frozen acquisition/provenance row from accepted Stage5A manifest
TERN_SLGA_R2,BDW_005_015_EV_N_P_AU_TRN_N_20230607,BDW,,,005_015,"Malone, B. (2023). Soil and Landscape Grid National Soil Attribute Maps - Bulk Density - Whole Earth - Release 2. Version 2. TERN. https://doi.org/10.25919/gxyn-pd07",https://data.tern.org.au/model-derived/slga/NationalMaps/SoilAndLandscapeGrid/BDW/v2/BDW_005_015_EV_N_P_AU_TRN_N_20230607.tif,https://data.tern.org.au/model-derived/slga/NationalMaps/SoilAndLandscapeGrid/BDW/v2/BDW_005_015_EV_N_P_AU_TRN_N_20230607.json,,,18eb12091556cfb8cc9a1b5460c50685f187869edd5843531898a2155382bb6d,1790527ae989aac86907629a66e66f72e54dbdb73b5bbb3acd7eb9dcb0240793,Exact frozen acquisition/provenance row from accepted Stage5A manifest
TERN_SLGA_R2,PHC_000_005_EV_N_P_AU_NAT_C_20210913,PHC,,,000_005,"Malone, B. & Searle, R. (2024). Soil and Landscape Grid National Soil Attribute Maps - pH - Calcium Chloride (3"" resolution) - Release 2. Version 2. TERN. https://doi.org/10.25919/7320-hw30",https://data.tern.org.au/model-derived/slga/NationalMaps/SoilAndLandscapeGrid/pHc/v2/PHC_000_005_EV_N_P_AU_NAT_C_20210913.tif,https://data.tern.org.au/model-derived/slga/NationalMaps/SoilAndLandscapeGrid/pHc/v2/PHC_000_005_EV_N_P_AU_NAT_C_20210913.json,,,21b419353131a48990e5be92674cd375abace27d071f4e6095ad26f72974a03b,3fe00284324e7081f6effe120bfb1c3622ffaaecc393970eb446f03445573c26,Exact frozen acquisition/provenance row from accepted Stage5A manifest
TERN_SLGA_R2,PHC_005_015_EV_N_P_AU_NAT_C_20210913,PHC,,,005_015,"Malone, B. & Searle, R. (2024). Soil and Landscape Grid National Soil Attribute Maps - pH - Calcium Chloride (3"" resolution) - Release 2. Version 2. TERN. https://doi.org/10.25919/7320-hw30",https://data.tern.org.au/model-derived/slga/NationalMaps/SoilAndLandscapeGrid/pHc/v2/PHC_005_015_EV_N_P_AU_NAT_C_20210913.tif,https://data.tern.org.au/model-derived/slga/NationalMaps/SoilAndLandscapeGrid/pHc/v2/PHC_005_015_EV_N_P_AU_NAT_C_20210913.json,,,3e11f1c854d163ea84788eefaf28c4f175281bf64d52b2397b8ac5d178d3e0d2,9fd9ce063defcb8d303898f3d4ce9e37f896cf0cb132463cd6dacb3a3ade9e5d,Exact frozen acquisition/provenance row from accepted Stage5A manifest
TERN_SLGA_R2,AWC_000_005_EV_N_P_AU_TRN_N_20210614,AWC,,,000_005,"Searle, R., Nimalka Somarathna, P. & Malone, B. (2023). Soil and Landscape Grid National Soil Attribute Maps - Available Volumetric Water Capacity (Percent) (3 arc second resolution) Version 2. Version 2.0. TERN. https://doi.org/10.25919/4jwj-na34",https://data.tern.org.au/model-derived/slga/NationalMaps/SoilAndLandscapeGrid/AWC/v2/AWC_000_005_EV_N_P_AU_TRN_N_20210614.tif,https://data.tern.org.au/model-derived/slga/NationalMaps/SoilAndLandscapeGrid/AWC/v2/AWC_000_005_EV_N_P_AU_TRN_N_20210614.json,,,78e7f31f353a6fbd3fbb3728be9d0c9857473482a9cdc866ea67ea7744098a96,5d1fc8e927c72974dcee0ba9359f66414a25b461b83ce2be42cd17d697cf7114,Exact frozen acquisition/provenance row from accepted Stage5A manifest
TERN_SLGA_R2,AWC_005_015_EV_N_P_AU_TRN_N_20210614,AWC,,,005_015,"Searle, R., Nimalka Somarathna, P. & Malone, B. (2023). Soil and Landscape Grid National Soil Attribute Maps - Available Volumetric Water Capacity (Percent) (3 arc second resolution) Version 2. Version 2.0. TERN. https://doi.org/10.25919/4jwj-na34",https://data.tern.org.au/model-derived/slga/NationalMaps/SoilAndLandscapeGrid/AWC/v2/AWC_005_015_EV_N_P_AU_TRN_N_20210614.tif,https://data.tern.org.au/model-derived/slga/NationalMaps/SoilAndLandscapeGrid/AWC/v2/AWC_005_015_EV_N_P_AU_TRN_N_20210614.json,,,8a7c2fb17998a6f7b63040fc010b9dd50a7bfd7e0a9100afdac6219fdb495985,84a13759f623dca0d84dcfa1e0c336fd75019656d57454ff76ab7735f21daac7,Exact frozen acquisition/provenance row from accepted Stage5A manifest
TERN_SLGA_R2,AWC_015_030_EV_N_P_AU_TRN_N_20210614,AWC,,,015_030,"Searle, R., Nimalka Somarathna, P. & Malone, B. (2023). Soil and Landscape Grid National Soil Attribute Maps - Available Volumetric Water Capacity (Percent) (3 arc second resolution) Version 2. Version 2.0. TERN. https://doi.org/10.25919/4jwj-na34",https://data.tern.org.au/model-derived/slga/NationalMaps/SoilAndLandscapeGrid/AWC/v2/AWC_015_030_EV_N_P_AU_TRN_N_20210614.tif,https://data.tern.org.au/model-derived/slga/NationalMaps/SoilAndLandscapeGrid/AWC/v2/AWC_015_030_EV_N_P_AU_TRN_N_20210614.json,,,107ac5e26724bb13e0f2786dc7bafee594b82741b15bd054f9adb5927a941d19,cd5060a34aa84fae9863b00875e2442a7e0977e7da500b2e5a31e130a5122dce,Exact frozen acquisition/provenance row from accepted Stage5A manifest
TERN_SLGA_R2,AWC_030_060_EV_N_P_AU_TRN_N_20210614,AWC,,,030_060,"Searle, R., Nimalka Somarathna, P. & Malone, B. (2023). Soil and Landscape Grid National Soil Attribute Maps - Available Volumetric Water Capacity (Percent) (3 arc second resolution) Version 2. Version 2.0. TERN. https://doi.org/10.25919/4jwj-na34",https://data.tern.org.au/model-derived/slga/NationalMaps/SoilAndLandscapeGrid/AWC/v2/AWC_030_060_EV_N_P_AU_TRN_N_20210614.tif,https://data.tern.org.au/model-derived/slga/NationalMaps/SoilAndLandscapeGrid/AWC/v2/AWC_030_060_EV_N_P_AU_TRN_N_20210614.json,,,cb4e8ff4ae8ef5645fa16584e23ebdd67de144770c7c5d84fbaa166c1ad511ea,24e797556dac38936a06105d1663a0df89acc332ccf28d1ac836e8c390b65bf9,Exact frozen acquisition/provenance row from accepted Stage5A manifest
TERN_SLGA_R2,AWC_060_100_EV_N_P_AU_TRN_N_20210614,AWC,,,060_100,"Searle, R., Nimalka Somarathna, P. & Malone, B. (2023). Soil and Landscape Grid National Soil Attribute Maps - Available Volumetric Water Capacity (Percent) (3 arc second resolution) Version 2. Version 2.0. TERN. https://doi.org/10.25919/4jwj-na34",https://data.tern.org.au/model-derived/slga/NationalMaps/SoilAndLandscapeGrid/AWC/v2/AWC_060_100_EV_N_P_AU_TRN_N_20210614.tif,https://data.tern.org.au/model-derived/slga/NationalMaps/SoilAndLandscapeGrid/AWC/v2/AWC_060_100_EV_N_P_AU_TRN_N_20210614.json,,,ada695a8d462b1d8518b6e76014b84711764b54aa0d82e4aec371b6ab0c7c44f,2443cf974003da04e17dae4a667c49023ff02405a88a835642b07c629a050504,Exact frozen acquisition/provenance row from accepted Stage5A manifest
Geoscience_Australia,GA_DEM_SRTM_1Second_2024,,,,,"Digital Elevation Model (DEM) of Australia with 1 Second Grid, 2024 service",https://services.ga.gov.au/gis/services/DEM_SRTM_1Second_2024/MapServer/WCSServer,,https://services.ga.gov.au/gis/rest/services/DEM_SRTM_1Second_2024/MapServer,https://pid.geoscience.gov.au/dataset/ga/72759,b78984ebe96b59fa7dcdc05ca99e6d422c10ca1b19a55c1cdaf1b4a371627a69,,Exact frozen acquisition/provenance row from accepted Stage5A manifest
Geoscience_Australia,GA_TERRAIN_DERIVED,,,,,,,,,,,,Derived locally from GA DEM
