path,size_bytes,sha256
.gitignore,151,bd02fc638b8d8b75566acfd4b9f46dffa1430b397df528173029f6672859e396
README.md,2314,a360e5d23e23413f5ee70f5632ce458d706670b889cbaef6c5b9bf6c6f97d5fb
code/01_stage1_cleaner/01_PREPARE_SELECTION.bat,357,74ecc29a85ac269560ffb45e6414b95f77b3e8c8470a14cbb0fcb3e8d0b9b95f
code/01_stage1_cleaner/02_RUN_CLEANING.bat,415,58880b38e8ddb63aed1a8853e99e3263739edc4d6111d65f47f0829d05c14abe
code/01_stage1_cleaner/README.md,3075,c4e7208b1e1e93ad58f6ce8e32e8a7d8c28dac69215522660c4797c2059c33c6
code/01_stage1_cleaner/requirements.txt,65,565fa3d36fdc0e85b55ae08e467a2136494df484f028c465ea04357e2c5690a6
code/01_stage1_cleaner/stage1_clean_l03_l04.py,22401,c91992b6ec063aed894a038ee74ca7b7aeca9ce57d92cfe6f2f1e815d549cd62
code/02_stage2a_grid_graph/README.md,2109,62fbf5251cab2e0086fccca0b504e73d03b2683e4a2d932a213f920a58a04fb8
code/02_stage2a_grid_graph/RUN_STAGE2A.bat,1101,b65285e47987865fbc71d70913456384168c0c469f1ed4cce550746688b3a7ae
code/02_stage2a_grid_graph/requirements.txt,89,c1fdffb0c977f0bea96b84440445711de710decaff84e9ccf826ab37518740b1
code/02_stage2a_grid_graph/stage2a_build_blocks.py,26201,78103b3680762589300a3c767c99a3f7751fd6a7b78e8c3ee13ae84225fb268d
code/02_stage2a_grid_graph/verify_stage2a.py,7050,55d7db953f608d816a6b1517d7d801ae0e32946d9754124191391b23dca3e358
code/03_stage2b_dea/CHANGELOG.md,920,5c780c9f9edbd52eca7ceedbb4b61273a506b14078a4625159363b23d77d3a66
code/03_stage2b_dea/README.md,3565,73d82d8da31733a51c5d00d458528d9da75b6c6dea3ebbfd76b82cbabae71583
code/03_stage2b_dea/RUN_STAGE2B_LOCAL_STAC.bat,1355,5bac151ac034c5f2bcf7105e6161b4ba89bffc804bfa017c380fc571054cc958
code/03_stage2b_dea/RUN_STAGE2B_LOCAL_STAC_PY310.bat,1074,18ec7495470dee58a0886e16f7cb7fbcfd00c344c3fd89fd7cf09419f1c13649
code/03_stage2b_dea/TEST_PUBLIC_DEA_ACCESS.bat,454,420163707dfdd5b5bd55a20882706253d0cccb88977bb426b38a2ecb3e7bffd2
code/03_stage2b_dea/TEST_PUBLIC_DEA_ACCESS_PY310.bat,615,699d1e50b00fa57f5e5fdf74b9bf9c8f972fd7dae64ea9e95ea051803e0b1fef
code/03_stage2b_dea/finalize_stage2b_existing.py,19352,305ea55dbd8d46a217539ccd673f1f0001d49ea9e805dac394f03dd030d6299f
code/03_stage2b_dea/requirements.txt,187,639273ed74648d84092b4dccc48fda6d368cc0d1e6a0735451e86d65aea4480f
code/03_stage2b_dea/stage2b_local_stac_prescreen.py,41991,4a3e9fa163280f4ef3f481eb73bcbd54ea5f24202eb5d6fb8111a16a82b4a85d
code/03_stage2b_dea/verify_stage2b_local_stac.py,10733,ed715d7cc8ed67086482bdcb33e772bc945b6fef321744bce3006c2f39fe10df
code/04_stage3a_registry/CHANGELOG.md,3594,fb295dd512b8cfa79e4b7a865072eb53d9152284f475abc7ffdaf4d3a45e8525
code/04_stage3a_registry/README.md,4653,a1d5ca2f9c0271bbd00edcebfcbd5c4efeed2d6e1b60453462e3d1da751c9b2d
code/04_stage3a_registry/RUN_STAGE3A.bat,1584,174ce98bf793b0316d428cc2c022215ab3fc450e2930d0a4d1ae4b6e5c034b37
code/04_stage3a_registry/RUN_STAGE3A.ps1,1061,c27b88e07df8af7b842924f6185a3c84f27f5bf87e6d85dd6098cb7b3041c288
code/04_stage3a_registry/docs/GeoDose_Stage3_Execution_Blueprint.md,5720,70902476c875f6901e6c99f1340f31a8ccf86f8cff16c2830189414b89f1779a
code/04_stage3a_registry/docs/Stage3A_v1_3_1_Source_Audit.md,808,9cd9b927ee1f5b2e39f61cee5d195c64a965211ee8a0356f3eea5d6c0e428869
code/04_stage3a_registry/requirements_frozen_py310.txt,89,4b93975374ae36dd7c69eaa79bdbb5546c1a8cc7aaada31b4ba69ebbc7cff2fd
code/04_stage3a_registry/requirements_py310.txt,69,954e4d1a324b8508b29c1cb6bb479e95a25b894958a6447506dc664fa3b08288
code/04_stage3a_registry/src/geodose_stage3a/__init__.py,22,329013e6180da079d3b46d57443fc657f03b42b1d553abc98c64b0ffca8c180e
code/04_stage3a_registry/src/geodose_stage3a/core.py,13560,c7f291d6b9aa8213058f36db912396bcfea26ee31ad30f38a9354c91866d9e3d
code/04_stage3a_registry/stage3a_prepare.py,60341,2d6514913bab0d0a688dd0f1d35c72a0bfe4ca396065a00317b412fca21b260a
code/04_stage3a_registry/tests/test_generator.py,1776,7aacac34824aab2039b9129f53e494d46f1a5ae7e99d88c329d5bdb8d3ef3499
code/04_stage3a_registry/verify_stage3a.py,22581,718453607e482a14853716959d4374d94bdd55606cdd907d2e06810f31b8a17f
code/05_stage3b_controlled_generator/CHANGELOG.md,899,4db341ce56125f2f193d9e83e5b28fc1df49634ebd195ecc6f9b5d370dcbf755
code/05_stage3b_controlled_generator/README.md,5451,79cfb77c208a61df5f67715d711a1398c2234f045f6ee2ec5858421ca73b2be9
code/05_stage3b_controlled_generator/RUN_STAGE3B.bat,494,611c38312c1a8076e7bde0b6965291f00544860caed780b4c7335fc67249d853
code/05_stage3b_controlled_generator/RUN_STAGE3B.ps1,1571,0809fbef32951cf7b2ddbe8f9113d886c9a016360285c024a9e65a5dd6f1b91d
code/05_stage3b_controlled_generator/docs/REFERENCE_STAGE3B_COUNTS.json,429,a64971520b1223656e610456e8e513a21c23d2d60743d269525a59c9a15b667e
code/05_stage3b_controlled_generator/docs/Stage3B_Design.md,2793,c56997cf22b20be859bc2ec8a88569f00d797b9dcccb8f7a0e5f0a12be629894
code/05_stage3b_controlled_generator/requirements_frozen_py310.txt,27,d8c7b7a585086fc4e6c57416793d7e3d28b3d77bee806b23cf91a31e5eb91278
code/05_stage3b_controlled_generator/requirements_py310.txt,27,d8c7b7a585086fc4e6c57416793d7e3d28b3d77bee806b23cf91a31e5eb91278
code/05_stage3b_controlled_generator/src/geodose_stage3b/__init__.py,93,b19921cb0e19ee51338f4cf43967c7edcab8d8fc3e4ff6769813dbd7f6b369aa
code/05_stage3b_controlled_generator/src/geodose_stage3b/core.py,78994,c12baf7e62e1e691cac3dd030223e3d313b17abb9bc97e703dc98bb8f31bb2a6
code/05_stage3b_controlled_generator/stage3b_generate.py,12821,405cd81775ffed7f09237bcc1df7641bb00609955ae0dfed68d858ac8c49c078
code/05_stage3b_controlled_generator/tests/__init__.py,0,e3b0c44298fc1c149afbf4c8996fb92427ae41e4649b934ca495991b7852b855
code/05_stage3b_controlled_generator/tests/test_stage3b.py,7377,016c9758106cf9bea89f44b93f7504e6cc2cdc338be998972a8b27f6687bc00c
code/05_stage3b_controlled_generator/verify_stage3b.py,38270,0939bcb47037c2dd087379721197db6eb7ac2338e5fc88c4b67e65bdb806c6f7
code/06_stage3c_reference_baselines/README.md,2714,f049ce9c7c4e69e5f9e043d5da94bd860f5354e7b450b07cb0b0a11bb1f06b33
code/06_stage3c_reference_baselines/RUN_STAGE3C.bat,244,b3eddd5ec0cb38aeefa1eb668bd72c950565c4ddf57be128619d5fb72c78443f
code/06_stage3c_reference_baselines/RUN_STAGE3C.ps1,2148,22e622574e8137114faa504a936e3b302bc07ec00157d61e67541c385f28850e
code/06_stage3c_reference_baselines/configs/stage3c_feature_contract.json,729,995efaf5f46912c74b0668df07a96bcff752d24c0cde4f59723b564d1273dd53
code/06_stage3c_reference_baselines/configs/stage3c_method_contract.yaml,1444,4be245078a20cd3d1464d1ab2484e39e7f7e7793bc3d3a33c1b0247158523543
code/06_stage3c_reference_baselines/configs/stage3c_pilot_threshold_plan.yaml,530,a72e06ccf7187fa2d457c03ef90bb03a49c057d6ec09671b886dab473964b634
code/06_stage3c_reference_baselines/package_stage3c_outputs.py,1539,89aaa697ce302ef8055a8b3b07a8fde2deb27977fe9e9dece601a236635089e3
code/06_stage3c_reference_baselines/requirements_py310.txt,104,08c348723e384405db6584c53a1ba3730869a4e2de80ee32bc60826f87699e7d
code/06_stage3c_reference_baselines/src/geodose_stage3c/__init__.py,47,3d25d8777b29f228d1c3a2f06f088237968c3c1760c2a15115ccdf9badad0407
code/06_stage3c_reference_baselines/src/geodose_stage3c/graph.py,6002,896aa3cde590fbd275e2a74f01b520539f5caa5385286429ac4f3da31256f9ca
code/06_stage3c_reference_baselines/src/geodose_stage3c/io.py,9562,75ee35dda3a1ac5fef22b5ad664fd34336ab3e12e0c88ca03a14958cf27b412c
code/06_stage3c_reference_baselines/src/geodose_stage3c/methods.py,2875,35549643b116ad08a33bdf08ff22502d489f1fb58c01b00ed68d1dcc7390a130
code/06_stage3c_reference_baselines/src/geodose_stage3c/models.py,15880,db34be92da869e88e01dc74efbc60031ec09db7f361b1dbc9d660d94059eaa95
code/06_stage3c_reference_baselines/src/geodose_stage3c/runner.py,49201,f3d4cccf8ce30635581e77bcf083e8a49576f2c1cd4739eee38d888d8e4f02d2
code/06_stage3c_reference_baselines/src/geodose_stage3c/weights.py,4093,3730117f8a0f1a94c77c672dce2a19a373339b9caf0e123a856dbbd00d08059b
code/06_stage3c_reference_baselines/stage3c_run.py,1624,9969ca49076532795395a0ac1b21ac6bfcb2d352cc1a51d86e528a54ed9a50d6
code/06_stage3c_reference_baselines/tests/test_stage3c.py,3951,c1b2c2ea4f40a0da1cd1e13fb62fa705d5db443fdc02e7c1aa7ecdfb814ce6fa
code/06_stage3c_reference_baselines/verify_stage3c.py,23175,9b3da802f8c6eea21c435a995e1cceec80445a8d88d147424fcd341416a6d1b6
code/07_stage3d_d1_exact_orbit/CHANGELOG.md,1238,3f6f109570f0233ceca899b4fc78a14b3a99c30c5edc90abfe2f8d38e7733947
code/07_stage3d_d1_exact_orbit/README.md,2979,f82999590af68fb2fbf4a75da92d16162d6fd2c03e5671273401568c573f7ca9
code/07_stage3d_d1_exact_orbit/RUN_STAGE3D_D1.bat,263,4c02abe8a30c4cf5320a18d65f03c7f7bf5d5447c966b2c22a9e89545b970520
code/07_stage3d_d1_exact_orbit/RUN_STAGE3D_D1.ps1,2835,c6b5c4a39f7345b5ee6bd4a71c9991ce983773a355a066fcda69f272c570c13b
code/07_stage3d_d1_exact_orbit/configs/input_hashes.json,930,a038c3f8bc49625475fa0cc127b919432445f7b688e09371e601fc70799d2c62
code/07_stage3d_d1_exact_orbit/configs/stage3d_candidate_inversion_contract.yaml,1144,8bbebd91d51fc5d55aa8747ed1a83bce1661967c91dd84c183ef355a889755ed
code/07_stage3d_d1_exact_orbit/configs/stage3d_fixture_registry.yaml,1215,03aebec9bb45ba036d13a7836698c4b3d2ce379625a6fc47d327e28adb768b33
code/07_stage3d_d1_exact_orbit/configs/stage3d_math_contract.yaml,3349,05e663dc4de54f79c85a45b8c9d0595848999cf42281ba93fbd7f01e2f4225a8
code/07_stage3d_d1_exact_orbit/configs/stage3d_nuisance_contract.yaml,734,100e7125da9854cb932a80ed7247cfcceefa89e7fd849a7b2c9d339622727eb2
code/07_stage3d_d1_exact_orbit/configs/stage3d_orbit_contract.yaml,1022,9818882a3eadd6a902b0b1bcebb174fbd53215c87a07bd4e955ae374b72d70f4
code/07_stage3d_d1_exact_orbit/configs/stage3d_refusal_contract.yaml,1414,0a33fde209e53a5ad65f4cc4d6fe9edc37d490500e45f6833cfd453bcdf55586
code/07_stage3d_d1_exact_orbit/configs/stage3d_residual_law_contract.yaml,1008,069696788e54b0f1bbd04123633bbac3adacc36ef4a2ea20609f1b541b40ea92
code/07_stage3d_d1_exact_orbit/configs/stage3d_tolerance_registry.yaml,584,1ee7b2062da1999bb3779f45c6cb76f6dfdc0837ac1ad17b3a714e1dc3672e1b
code/07_stage3d_d1_exact_orbit/configs/stage3d_treatment_measure_contract.yaml,884,6b60710ea6a0c8b01ac1a7f3878ea569c160b98f116124b66df9d4dbcd9a719a
code/07_stage3d_d1_exact_orbit/docs/D0_D1_Mathematical_Execution_Contract.md,3561,fe2b2436b2b4c54aca5d603d799147f0fbc2dd9faf8867d507794cb423811950
code/07_stage3d_d1_exact_orbit/docs/D1_Acceptance_Criteria.md,1439,7920f38c5dd52e238c4db7f64c67a1a2ee11fa321b017fe3bf6623a4405a6762
code/07_stage3d_d1_exact_orbit/package_stage3d_outputs.py,1465,54374ca9f171d18303b8bb7d3cdd7597b7004e82dcf01bbd43156a7338b39bbb
code/07_stage3d_d1_exact_orbit/requirements_py310.txt,55,f13365405951525f72acb2fc7da509e9de08db4839ab94ede595256082c7f82e
code/07_stage3d_d1_exact_orbit/src/geodose_stage3d/__init__.py,105,7703907824b64165ac564993326f3279a17bde7b3045b38d4696b992bade3e0b
code/07_stage3d_d1_exact_orbit/src/geodose_stage3d/audits.py,2606,4bfac5e37ab73f686b0cb8eb167b0643102b80029b382697f5222d520056fe55
code/07_stage3d_d1_exact_orbit/src/geodose_stage3d/exact_law.py,21485,963c45082c4b75e48386b2ff644f46e5701a0edeaa7c61e7f5d4a83d105835c7
code/07_stage3d_d1_exact_orbit/src/geodose_stage3d/graph_precision.py,4011,e671e9e420c55c21eed1c13edede43971a60cd5f4519347a5382878b6d63bf38
code/07_stage3d_d1_exact_orbit/src/geodose_stage3d/io.py,16903,9bdf385428a22398814447aec939796db6ba2eb21a95bc91c1dc39745279b6af
code/07_stage3d_d1_exact_orbit/src/geodose_stage3d/mixed_measure.py,4249,45516f11917ea27562b26cc66632fe0072231f5b48f2bb936e936eaac2cd4b00
code/07_stage3d_d1_exact_orbit/src/geodose_stage3d/orbit.py,2473,ad6ba2ed95dc4ebf960f22b2f536cb2173435e6b5de5374f8b6eb2f3affbd3ca
code/07_stage3d_d1_exact_orbit/src/geodose_stage3d/provenance.py,2034,09e92b194315f6847ce78318831d98f01effdd6520326a4396dc5b9a3d4be4c9
code/07_stage3d_d1_exact_orbit/src/geodose_stage3d/residual_transform.py,2700,9b8f46ae29ab1531f591f59ab24910373f23b8f76d4f97e81058d0163b18e473
code/07_stage3d_d1_exact_orbit/src/geodose_stage3d/runner.py,32713,0562cee0edfe3a5fbb865e99321212a09062beb3e6f423e63bacdd1521c1d789
code/07_stage3d_d1_exact_orbit/src/geodose_stage3d/types.py,2035,dcb15f986532232bb5421397ac8cf9a6cb3c7bb8a9fac8e78edbe924c890ed0e
code/07_stage3d_d1_exact_orbit/stage3d_d1_run.py,743,229fe9b2c52ef06c4e53c6e81d513f507ae7fed0684fc206772691f830dcd449
code/07_stage3d_d1_exact_orbit/tests/test_stage3d_d1.py,9551,bdb7ea25c53ca47964c921ddce01058965f7f311664cb8adfbe7263f800ef2dd
code/07_stage3d_d1_exact_orbit/verify_stage3d_d1.py,23501,f32ade05e7f02d7afe919f0969d4028beff635c758cec1a23c139ff3dd3cc7f4
code/08_stage3d_d2_candidate_inversion/CHANGELOG.md,978,0f1494a8702b63cb4cd609a25c204a339a6bc29e9d7b57389d12eb0c6c2b7b27
code/08_stage3d_d2_candidate_inversion/README.md,2023,d25ecfd17b3fac07b439b681569e34065986475ce1fc78d5799bae66ebf4faa0
code/08_stage3d_d2_candidate_inversion/RUN_STAGE3D_D2.bat,313,318121245d26b55957285247381cf78bc20657c0544895b88f66f70112c55c00
code/08_stage3d_d2_candidate_inversion/RUN_STAGE3D_D2.ps1,2941,11faa593534e0c7387c39d8295b1c89da81acfbe12a7d95c34a68384e2b3b5e7
code/08_stage3d_d2_candidate_inversion/configs/stage3d_d2_candidate_contract.yaml,3650,474fd3215ff81bd6810569ed9f10e0cebeaf29a4c370408ca6bb81396f47933b
code/08_stage3d_d2_candidate_inversion/configs/stage3d_d2_fixture_registry.yaml,546,616d442334ad8f79f001731454e796e5e1a03be3f1e8dab3dbeb8b888852241b
code/08_stage3d_d2_candidate_inversion/configs/stage3d_d2_input_hashes.json,717,3a76e09cecb56d9872db9a77dd2dd3b3e8d6f7af2d328adf3313d97df39d4e27
code/08_stage3d_d2_candidate_inversion/configs/stage3d_d2_math_contract.yaml,3181,d6988f1f400483578b438bee58e9e1c97c5e7bf8d8bbd4c3bb8a7a85bba2915b
code/08_stage3d_d2_candidate_inversion/configs/stage3d_d2_refusal_contract.yaml,1764,cd97c9360352c1a770ddb65be90f235242cc1ba05f095751ac99e98297b975b1
code/08_stage3d_d2_candidate_inversion/configs/stage3d_d2_tolerances.yaml,560,22d6964cbc195bee37cfc475ac7cafa40b2a24d8a3c982ffd4b1cb190d4887e8
code/08_stage3d_d2_candidate_inversion/package_stage3d_d2_outputs.py,1589,aa1dd915c6cdac187c214c9ece98d81af5af7e68b422ed21be08b2ad92cfaf4b
code/08_stage3d_d2_candidate_inversion/requirements_py310.txt,55,f13365405951525f72acb2fc7da509e9de08db4839ab94ede595256082c7f82e
code/08_stage3d_d2_candidate_inversion/src/geodose_stage3d/__init__.py,105,7703907824b64165ac564993326f3279a17bde7b3045b38d4696b992bade3e0b
code/08_stage3d_d2_candidate_inversion/src/geodose_stage3d/audits.py,2606,4bfac5e37ab73f686b0cb8eb167b0643102b80029b382697f5222d520056fe55
code/08_stage3d_d2_candidate_inversion/src/geodose_stage3d/candidate_inversion.py,34194,c0ec22015debb277807ba78c86649e17309cdc6b4c2f0026cdf1045c64cc0aa9
code/08_stage3d_d2_candidate_inversion/src/geodose_stage3d/d2_io.py,7263,548c60e98168e7d8463057408f4fe3bef9cfb85f0ba2e2248aa31258d8c16ca6
code/08_stage3d_d2_candidate_inversion/src/geodose_stage3d/d2_runner.py,28467,4ff337533afacd95797080dcc545ebf437578261779fe49a148900651cf60a65
code/08_stage3d_d2_candidate_inversion/src/geodose_stage3d/d2_version.py,39,d4463e945e6ec95822fde7ef430137e214a99837037f6bd043569a2ca9770aed
code/08_stage3d_d2_candidate_inversion/src/geodose_stage3d/exact_law.py,21485,963c45082c4b75e48386b2ff644f46e5701a0edeaa7c61e7f5d4a83d105835c7
code/08_stage3d_d2_candidate_inversion/src/geodose_stage3d/graph_precision.py,4011,e671e9e420c55c21eed1c13edede43971a60cd5f4519347a5382878b6d63bf38
code/08_stage3d_d2_candidate_inversion/src/geodose_stage3d/io.py,16903,9bdf385428a22398814447aec939796db6ba2eb21a95bc91c1dc39745279b6af
code/08_stage3d_d2_candidate_inversion/src/geodose_stage3d/mixed_measure.py,4249,45516f11917ea27562b26cc66632fe0072231f5b48f2bb936e936eaac2cd4b00
code/08_stage3d_d2_candidate_inversion/src/geodose_stage3d/orbit.py,2473,ad6ba2ed95dc4ebf960f22b2f536cb2173435e6b5de5374f8b6eb2f3affbd3ca
code/08_stage3d_d2_candidate_inversion/src/geodose_stage3d/provenance.py,2034,09e92b194315f6847ce78318831d98f01effdd6520326a4396dc5b9a3d4be4c9
code/08_stage3d_d2_candidate_inversion/src/geodose_stage3d/residual_transform.py,2700,9b8f46ae29ab1531f591f59ab24910373f23b8f76d4f97e81058d0163b18e473
code/08_stage3d_d2_candidate_inversion/src/geodose_stage3d/runner.py,32713,0562cee0edfe3a5fbb865e99321212a09062beb3e6f423e63bacdd1521c1d789
code/08_stage3d_d2_candidate_inversion/src/geodose_stage3d/topology_validation.py,6573,e813474fb790e49ccef5c9b48b6892af802dad9fd30f0ac3f1c417e5146d1e22
code/08_stage3d_d2_candidate_inversion/src/geodose_stage3d/types.py,2035,dcb15f986532232bb5421397ac8cf9a6cb3c7bb8a9fac8e78edbe924c890ed0e
code/08_stage3d_d2_candidate_inversion/stage3d_d2_run.py,1441,c65a469ae973a480e7898048d38b1ead5720ff849c6eb99fb4f994b46138e927
code/08_stage3d_d2_candidate_inversion/tests/test_stage3d_d2.py,9178,2f55ceb4cba2a91c4c93aa52bbe77568746e24c8138ff41a98c2e354ed014c99
code/08_stage3d_d2_candidate_inversion/verify_stage3d_d2.py,18621,593b9ea3061085b74625fe033073620f993abb8c0d2b88911b349803528f6851
code/09_stage3d_d3_exact_integration/CHANGELOG.md,918,0e23544b7ff1e1f8197a44dbc29deecae74f7af74b6f5c8b35653e14e749d2fb
code/09_stage3d_d3_exact_integration/README.md,3017,712a0e636a12023ec51ff3df44ebd0977c0d2dd069d23f02f90ca93813261b93
code/09_stage3d_d3_exact_integration/RUN_STAGE3D_D3_INTEGRATION.bat,1197,e32b26a5d7e40f496459c06ad2c656dc78a7f8abe8b4a399bfb60d1798eba13d
code/09_stage3d_d3_exact_integration/RUN_STAGE3D_D3_INTEGRATION.ps1,710,2b5eb07d5daabc66f0e70134e9d7bab92ac430d077f572f5dd2b4554045d18cf
code/09_stage3d_d3_exact_integration/configs/common_result_schema.json,461,16d1b6bac9086254cff3bb7c84c14407edbde0798aa4e970a931278293391e99
code/09_stage3d_d3_exact_integration/configs/exact_integration_contract.yaml,2682,8f0ac66ca9015983e30015e611017535452bb95a4137e5b1218c8c90017c09c1
code/09_stage3d_d3_exact_integration/configs/expected_upstream_hashes.json,665,8abb96645a39728d57bfcce908ae9c93dd39da87981f9cdb157dabca303365ba
code/09_stage3d_d3_exact_integration/configs/local_paths_windows.json,1764,a1bd695e54f03dca11c6cfaa4f0738f2caa4cbf1ace17255744e6c1afaf6d692
code/09_stage3d_d3_exact_integration/configs/nuisance_readiness.yaml,1089,b616e3e8712b1741bc418bb64c1265e70554b8a7104741621aa5e4304ceba0c2
code/09_stage3d_d3_exact_integration/configs/tolerances.yaml,220,0aef8fc90dd50835fa3a8dcbf113c13c4d3cb19a5fc28a0f4ef0bc4aa308ab1c
code/09_stage3d_d3_exact_integration/docs/EXACT_INTEGRATION_SCOPE.md,670,3082c985a2daf2ead58319894caf67ddbc01d54e71c5b8ad8da245366e3d8ab0
code/09_stage3d_d3_exact_integration/docs/NEXT_STAGE_AFTER_PASS.md,486,56e41facf22dd1a38ddc20a62b97509da860b9b34d0340fc856c6b0432a419af
code/09_stage3d_d3_exact_integration/docs/PATH_RESOLUTION_FIX_v1_0_1.md,714,b0dc48925d76ea637320201651044a9bd24db420dd6b6bb1624308bbe0ddbf58
code/09_stage3d_d3_exact_integration/docs/REDUCTION_SCOPE_NOTE.md,396,07890609ff3af37ee539bb76a52347aa740e3a4cc7cc202604ed4c96e674df09
code/09_stage3d_d3_exact_integration/package_stage3d_d3_integration_outputs.py,582,aa0758801b46dfcb05c4b64fc24c94573db5f333b7e53ef944a93ad24a4d7a45
code/09_stage3d_d3_exact_integration/requirements_py310.txt,55,f13365405951525f72acb2fc7da509e9de08db4839ab94ede595256082c7f82e
code/09_stage3d_d3_exact_integration/src/geodose_stage3d_d3_integration/__init__.py,57,237fbc4d9f07784e7ccfd90cd5f792dff5ede2c643d20c7ab08c82f7716b02a9
code/09_stage3d_d3_exact_integration/src/geodose_stage3d_d3_integration/d2_adapter.py,2163,247043e88e3ddfb5a3745e03199d05f01f48a2dcf84c37bab9724c628642a33e
code/09_stage3d_d3_exact_integration/src/geodose_stage3d_d3_integration/exact_grid.py,7491,5ceaa2615b753e959b74ea755dc2b0b111e8b782929a0a1dcde9314cec798b43
code/09_stage3d_d3_exact_integration/src/geodose_stage3d_d3_integration/io.py,6292,4db606928d5fa4520f69988946d24e2c9b575bce82aaa9cf665d5d4b3c17c18c
code/09_stage3d_d3_exact_integration/src/geodose_stage3d_d3_integration/provenance.py,1919,33c91447e35e19023cc1b7c4f12ab26c2a86e06b9a5a49812753039eff51f3e7
code/09_stage3d_d3_exact_integration/src/geodose_stage3d_d3_integration/reductions.py,3060,bc3935ef0069df50c0f9e234d5b7051636ab32250f1e6c1aa0f709eedc434739
code/09_stage3d_d3_exact_integration/src/geodose_stage3d_d3_integration/runner.py,10880,005b55402812b1001b6e73c84da15b16d173d12985771bec70b7123dec3855c3
code/09_stage3d_d3_exact_integration/src/geodose_stage3d_d3_integration/stage3c_replay.py,2437,2e605719a561f1add0502af35a0b23b9ef23fe586ea23cbe12099b870e53a234
code/09_stage3d_d3_exact_integration/stage3d_d3_integration_run.py,3260,e47dd14110d02c699a80d10109ffee507dc6ba0081f836ecc155a32ec6cc5a6c
code/09_stage3d_d3_exact_integration/tests/test_integration.py,4649,1cc56fe96e9341835ad1ed57cbbbf73893748218adaa303141bffc5d2de3783f
code/09_stage3d_d3_exact_integration/vendor/geodose_stage3c/__init__.py,47,3d25d8777b29f228d1c3a2f06f088237968c3c1760c2a15115ccdf9badad0407
code/09_stage3d_d3_exact_integration/vendor/geodose_stage3c/graph.py,6002,896aa3cde590fbd275e2a74f01b520539f5caa5385286429ac4f3da31256f9ca
code/09_stage3d_d3_exact_integration/vendor/geodose_stage3c/methods.py,2875,35549643b116ad08a33bdf08ff22502d489f1fb58c01b00ed68d1dcc7390a130
code/09_stage3d_d3_exact_integration/vendor/geodose_stage3c/weights.py,4093,3730117f8a0f1a94c77c672dce2a19a373339b9caf0e123a856dbbd00d08059b
code/09_stage3d_d3_exact_integration/vendor/geodose_stage3d_d3_m4/__init__.py,59,586c9af0919ae282700729700def55f45cd5ad443ded4e2d112e222ff935418f
code/09_stage3d_d3_exact_integration/vendor/geodose_stage3d_d3_m4/factorization_fixture.py,4962,e40a22c4af82443913dc663e369740d963a6ea792e0866276e08f126c6412e57
code/09_stage3d_d3_exact_integration/vendor/geodose_stage3d_d3_m4/graph_law.py,5462,dbf481195ddfc9e33afab783f8192d3b1f0f81ec48ba91a48bd5cb554dd576bc
code/09_stage3d_d3_exact_integration/vendor/geodose_stage3d_d3_m4/io.py,7721,dea8fda0028de2be7d5f2daa0cdd34bf180cda399c8c87e1f0258949a22450aa
code/09_stage3d_d3_exact_integration/vendor/geodose_stage3d_d3_m4/m3_oracle.py,5068,a2fc7bd4270f57170c081c9f0a30fb2686be1fd6d5daf9a521e670baff5e2a2e
code/09_stage3d_d3_exact_integration/vendor/geodose_stage3d_d3_m4/m4_oracle.py,2372,7ce7f7c2714e17538ea6a7bbb58087733d592aaed60add5565c05c6d77a32f24
code/09_stage3d_d3_exact_integration/vendor/geodose_stage3d_d3_m4/m6_extractor.py,3810,47009ce6a1e1bf7346ee1179089d96155f8f13a471fce160cca85b3a61efc116
code/09_stage3d_d3_exact_integration/vendor/geodose_stage3d_d3_m4/orbit.py,2266,a036cca7afa59fe1ce4e96d2cd190163244f96b7a733b91ebfbfdfb50db330d1
code/09_stage3d_d3_exact_integration/vendor/geodose_stage3d_d3_m4/runner.py,24580,bb0f0954e007a50b51bd36a0fee120b24de0756d7e7ddae538c360af892809c9
code/09_stage3d_d3_exact_integration/verify_runtime.py,682,4072dd030b87bd92f77631b0483a3217ec5322a8d6a4e78ecb0281537941a55d
code/09_stage3d_d3_exact_integration/verify_stage3d_d3_integration.py,4389,97f639cd84095a34f81730ed1f265df9d4eb36ea78f42129ba985fc2b7a2874a
code/10_stage3d_d4_nuisance_integration/CHANGELOG.md,3174,00c4069e317dd27cb1994564af5b5a7a833046fcf15f0435d41ad6486ba47b38
code/10_stage3d_d4_nuisance_integration/README.md,9208,1ab21c86d2db0d2e49dc7ab88688beaba50fbbb8324d198e0817d2d94e281995
code/10_stage3d_d4_nuisance_integration/RUN_STAGE3D_D4.bat,4566,9378a2e28d35dd14d4043620d1d037c687d183473471436b410f42ea3e4310af
code/10_stage3d_d4_nuisance_integration/RUN_STAGE3D_D4.ps1,3040,ade90f2547335126f6a09563cab3e00c960c2e5ca47e0a48b2b8fa117a3704a6
code/10_stage3d_d4_nuisance_integration/START_HERE.txt,1153,7a7c6466afb6b387575b2c1b3e12d0eed43796f387a03d8c0ccca5751b0ed6cf
code/10_stage3d_d4_nuisance_integration/configs/case_registry.yaml,2504,92b996b0aa4b363a33861200be8fff614f230074b5355e761de8ebf8b0d00748
code/10_stage3d_d4_nuisance_integration/configs/d2_api_lock.json,1761,3965c71db5e43d6e0df0a5e1f4a5fccb30b75c11bed2f77cd661eacf63121d4d
code/10_stage3d_d4_nuisance_integration/configs/d4_contract.yaml,1883,d4dfc4ba0d02063052db1a461e6b649c0b5e73571566ea4827de78078edf953c
code/10_stage3d_d4_nuisance_integration/configs/expected_upstream_hashes.json,772,21b09bd5bd4a1595a363d2d78fd60d13f6eb70882a94ef15a1e40ec7bf76c0fc
code/10_stage3d_d4_nuisance_integration/configs/fallback_globs_windows.json,440,3916449a48009f98e7c667bfeeec7703b6ccfbc877aba2de05c2be72499a7d44
code/10_stage3d_d4_nuisance_integration/configs/local_paths_windows.json,2094,361cb595a867a0e2d99085bedf27b48455945114dc19ccf5628a21c3ec02eda2
code/10_stage3d_d4_nuisance_integration/configs/tolerances.yaml,277,1cd006f680a3eddee6d2d8a8ea9d9875f76c6b58db316ed8f208a32ea5529a32
code/10_stage3d_d4_nuisance_integration/docs/D4_Exact_D2_API_Research.md,5210,276a44b080aab8701ae45130722dbcf150be80487444ae646ea3896f8de7936b
code/10_stage3d_d4_nuisance_integration/docs/D4_Output_Schema.md,3314,9a3ebc2ace06cabaacabb57d2f1f95c482119e55a20c618b1422a667f431964c
code/10_stage3d_d4_nuisance_integration/docs/D4_Scientific_Execution_Contract.md,2495,835cf9260fa2a34c4a74f0981ba72caad3ac9b3ca5e22b3094d43eeef20a476c
code/10_stage3d_d4_nuisance_integration/docs/PRE_SEND_VALIDATION.md,3485,08b9422b72685d9bab4cbd19c93ee9afe686a913c1af2bbf8f5713bd4e9a350e
code/10_stage3d_d4_nuisance_integration/package_stage3d_d4_outputs.py,1064,34e5b302965479c4ae086ac96833042e625d8f4994972d763013c57409f2cd6e
code/10_stage3d_d4_nuisance_integration/preflight_windows.py,8251,cd0070d5ea4c7aa27143fb6fddb02c081d7b19646f61bc26eb43196af17046df
code/10_stage3d_d4_nuisance_integration/requirements_py310.txt,104,08c348723e384405db6584c53a1ba3730869a4e2de80ee32bc60826f87699e7d
code/10_stage3d_d4_nuisance_integration/src/geodose_stage3d_d4/__init__.py,33,305d68582a26769a56ce1c3fe613e237a61dff7e1e25d0768a2b1182203ba44e
code/10_stage3d_d4_nuisance_integration/src/geodose_stage3d_d4/d2_runtime.py,28308,d9358ee9cc45ba3262f5cbc3f614a4463ee417bb68cf2e2d1b5a9249c14fcc03
code/10_stage3d_d4_nuisance_integration/src/geodose_stage3d_d4/data.py,5731,25091c35fd2d7ab194ae0573def45bb8a0145d6ce7f7ec612c13b91f8968c2ea
code/10_stage3d_d4_nuisance_integration/src/geodose_stage3d_d4/fixture.py,10364,e7d51123d7cabeaf08bafc1a0ddc0745076a8dcfb6fb861265519957861c57ac
code/10_stage3d_d4_nuisance_integration/src/geodose_stage3d_d4/io.py,4254,445ce7fcab12f0b0b8e1653c1d5b64c3ecb4b7a89cd37815a8cd8d54903b0cbe
code/10_stage3d_d4_nuisance_integration/src/geodose_stage3d_d4/m3m4.py,4404,eb16b158231549d351210e4a52c2a93c2e9921465fdf0ab37718b71499cdb57f
code/10_stage3d_d4_nuisance_integration/src/geodose_stage3d_d4/nuisance.py,6208,641f20d54d6cc416a9c2241da4aa8abb1894d174608951a80c13b8de2427147a
code/10_stage3d_d4_nuisance_integration/src/geodose_stage3d_d4/provenance.py,1914,c0689ae34e18d1c784059607548937028c2b8dd685069e3d7991df2e17402eb7
code/10_stage3d_d4_nuisance_integration/src/geodose_stage3d_d4/runner.py,26058,f07e7ac6fd040b0654a81e97227543124a255f5acb77c1a659fa0f51b71f7209
code/10_stage3d_d4_nuisance_integration/stage3d_d4_run.py,4958,00f4bfc8d97cdf8f94edd14e887a0b79277aed4ac769e53d09ed2c1637e807dd
code/10_stage3d_d4_nuisance_integration/tests/test_d4.py,14485,83b55ed889c386dfe5fa33d19d611bb2b335c205382776d6d80eceee7d9317b4
code/10_stage3d_d4_nuisance_integration/vendor/geodose_stage3d_d3_m4/__init__.py,59,586c9af0919ae282700729700def55f45cd5ad443ded4e2d112e222ff935418f
code/10_stage3d_d4_nuisance_integration/vendor/geodose_stage3d_d3_m4/graph_law.py,5462,dbf481195ddfc9e33afab783f8192d3b1f0f81ec48ba91a48bd5cb554dd576bc
code/10_stage3d_d4_nuisance_integration/vendor/geodose_stage3d_d3_m4/io.py,7721,dea8fda0028de2be7d5f2daa0cdd34bf180cda399c8c87e1f0258949a22450aa
code/10_stage3d_d4_nuisance_integration/vendor/geodose_stage3d_d3_m4/m3_oracle.py,5068,a2fc7bd4270f57170c081c9f0a30fb2686be1fd6d5daf9a521e670baff5e2a2e
code/10_stage3d_d4_nuisance_integration/vendor/geodose_stage3d_d3_m4/m4_oracle.py,2372,7ce7f7c2714e17538ea6a7bbb58087733d592aaed60add5565c05c6d77a32f24
code/10_stage3d_d4_nuisance_integration/vendor/geodose_stage3d_d3_m4/orbit.py,2266,a036cca7afa59fe1ce4e96d2cd190163244f96b7a733b91ebfbfdfb50db330d1
code/10_stage3d_d4_nuisance_integration/verify_runtime.py,878,881906ab937922690a541fe7e7d48f8f729523012f17f16d78e79498dba821a7
code/10_stage3d_d4_nuisance_integration/verify_stage3d_d4.py,12433,29b757d5f2a6582c4f391d12e6bc18dcbfe36e3015cb8cd18204e5defbebd9f4
code/11_stage3e_n2_n3_sparse/CHANGELOG.md,1723,ef9db0b8e41b0a896c7aa88a22c19e6e4358864616438207ba49449d9c5aa19c
code/11_stage3e_n2_n3_sparse/README.md,3241,c055d43ba151691c15667ffa17616c34c09bfa69a93344dce634588a0cd5772a
code/11_stage3e_n2_n3_sparse/RUN_STAGE3E.bat,3186,1252b06b1d072699ca39dbf9595db07ab9110ab206ded54574f385bbf5b1c9f2
code/11_stage3e_n2_n3_sparse/RUN_STAGE3E.ps1,3076,967eaaa54fca2e2a99eaff363899e1a96101e92213ec8836e88d21893e71f87e
code/11_stage3e_n2_n3_sparse/START_HERE.txt,359,582b0c7ecc3326e1c031969bc4940e0aa012864c87bce10849611c96f3319b44
code/11_stage3e_n2_n3_sparse/configs/d2_api_lock.json,1761,3965c71db5e43d6e0df0a5e1f4a5fccb30b75c11bed2f77cd661eacf63121d4d
code/11_stage3e_n2_n3_sparse/configs/expected_upstream_hashes.json,377,ae2d842d3677345c930b0e2d2aabe73a6f136a8e9f7ebd4a4d8b18cb7421aa78
code/11_stage3e_n2_n3_sparse/configs/fallback_globs_windows.json,648,27498291cff137caeeca5a1ddcfd569cd55072996088e7d87dd27993e497d1e3
code/11_stage3e_n2_n3_sparse/configs/local_paths_windows.json,1585,02340a05f8e10366cb7dfe90ca1816f596fc2d57cfcfd6ebbfbe772f2a34673f
code/11_stage3e_n2_n3_sparse/configs/stage3e_contract.yaml,2885,4cded52afa616336ed6ff2f89ee0ee98d0866becd0bf1148052b19a81630f722
code/11_stage3e_n2_n3_sparse/docs/Stage3E_Math_Algorithm_Contract.md,12541,313134949cf615b96cd3d968fd01838e9a2ff4f29e1b8a2cd3593af13867914e
code/11_stage3e_n2_n3_sparse/package_stage3e_outputs.py,1137,1c76d3e2c153ce376fb58bd245b09b4fa14ddeb568aebf19a9568544697d0556
code/11_stage3e_n2_n3_sparse/preflight_windows.py,4612,c811e33ed8af647ad7c9ffed71d7aedd4f69f647ce21f878c43f69fda2aacc79
code/11_stage3e_n2_n3_sparse/requirements_py310.txt,55,f13365405951525f72acb2fc7da509e9de08db4839ab94ede595256082c7f82e
code/11_stage3e_n2_n3_sparse/src/geodose_stage3e/__init__.py,67,035ca34f1280d71e12d64609d4d55844dae55ea4fdea78a890e14ba1c711e72c
code/11_stage3e_n2_n3_sparse/src/geodose_stage3e/d2_sparse_bridge.py,11227,47e2f11d3450e76e41f1fe018a22bd18e50b40cda46ea583ed9b8e88c7cd5a4c
code/11_stage3e_n2_n3_sparse/src/geodose_stage3e/d4_newdata_bridge.py,5738,b2190ffd1cf38346b2009268f17fcc1f901ee9031b654eae6581df53439429e3
code/11_stage3e_n2_n3_sparse/src/geodose_stage3e/gaussian_n2.py,12235,ce49c813b4593c7b53863c08f37621683b2ef0ed8a5974a3c5890da91cd7ac3d
code/11_stage3e_n2_n3_sparse/src/geodose_stage3e/io.py,3579,afcc55ed21d0fb2477b58ed45f6e5265319d61f6aa541c39a7be6cbd9dd9dded
code/11_stage3e_n2_n3_sparse/src/geodose_stage3e/n3.py,1943,8e1ab7bdfd7eadb4342455e408a207b1967d50eda60675642ca6c6514b53863f
code/11_stage3e_n2_n3_sparse/src/geodose_stage3e/ordering.py,2190,9640da656d24ed2151510a6adfc59dff53424c60573b748842636084929ed47d
code/11_stage3e_n2_n3_sparse/src/geodose_stage3e/provenance.py,1899,1e3c03a7682ba98cb6b6804237dbecf84caab89756dec827c58b4255036cae98
code/11_stage3e_n2_n3_sparse/src/geodose_stage3e/runner.py,44325,14157f3d0ea0c8867a875e7330085920893abde60cf422f538b1efbe4923b2a6
code/11_stage3e_n2_n3_sparse/src/geodose_stage3e/spatial_confidence.py,8539,8ec699fb47b2653a15f8ce7d490acd02de79da8d7285af34cb5b3b89b8eaec85
code/11_stage3e_n2_n3_sparse/src/geodose_stage3e/target_ratio.py,5933,1ce05b430e8c8086be38452c452fc6e25ff0d18b1cec46a65a043ce05c3f9f8c
code/11_stage3e_n2_n3_sparse/src/geodose_stage3e/version.py,80,998b69de8738323d0e3c7a6fc4eaaee68e3781780814231e8289fcd021e148ba
code/11_stage3e_n2_n3_sparse/stage3e_run.py,2523,8b278c00549b90cc42e3798eb881b1e8641640f76632bebec7558f9758b1297a
code/11_stage3e_n2_n3_sparse/tests/test_stage3e.py,10239,332934f5ffff70559a251264d38ab893c94b6fcc5008b77df68c3b9f88bbf7b2
code/11_stage3e_n2_n3_sparse/verify_runtime.py,539,8eba09fa90618bebfbf36e02c36795bab95c7e8fd2ecd79275ebfc0c4ca94d87
code/11_stage3e_n2_n3_sparse/verify_stage3e.py,20099,daf2f6c49704a3690ea66fdef576b9c976c343190f6fee3857a9c895e3d1841d
code/12_stage3f_pilot/CHANGELOG.md,1586,199fb0c370b03ecd9aa2971eadecc5e412451257fd7ca7c993c4f878a0859529
code/12_stage3f_pilot/README.md,4153,fe19324482b801f69007ba6506a6992a87366df66f9d6146ccbd72f1d472edcf
code/12_stage3f_pilot/RUN_STAGE3F.bat,3322,93fc31fb43a4156b7f9e3a015dc23689cfcd71dcfd9ea5c1a81cba6b1d554602
code/12_stage3f_pilot/RUN_STAGE3F.ps1,2776,621749379e00a2f3b40059155bb9ae4f6d10fab197f9bc1fee53ea0337ab25e9
code/12_stage3f_pilot/START_HERE.txt,450,be065b2c4a55ad9e5b27a55c77d9293b0220696aa684b0d9521bd4de599f6b48
code/12_stage3f_pilot/configs/expected_upstream_hashes.json,374,d5ea79c362fb79d30dbfd25e27723f1777f1b05b052f0de2f31f84fbc139c72a
code/12_stage3f_pilot/configs/local_paths_windows.json,1466,b58fa02ff1e56183380a5c7d493a5746b6a0b3c7883d8a8458109c90401cf099
code/12_stage3f_pilot/configs/pilot_contract.yaml,4976,7fcbd2956f947f643128c2c84c8005f2c00c59c46c735b3cb5865caf7930c74f
code/12_stage3f_pilot/configs/source_locks.json,14594,c927e27c2771d342aa73c4ac79d88698f05a57be6f6a5b17fb0e0317f0bfe81b
code/12_stage3f_pilot/docs/Stage3F_Math_Algorithm_Audit.md,5725,5f47b2fde6f75890ccbe3e347534d2c10a6bb72a0a97af7d1b867eeaa61fcab7
code/12_stage3f_pilot/package_stage3f_outputs.py,1245,ae3fdf18a782fad2f21002d4f721ab2e2304dfc46f1a9d2a1e2d8b546963b9ea
code/12_stage3f_pilot/preflight_windows.py,3609,0182432d9a8ce9dde151e52d7c71e3c924f6f56fe6e6042c55ac4f0e5d771c21
code/12_stage3f_pilot/requirements_py310.txt,104,08c348723e384405db6584c53a1ba3730869a4e2de80ee32bc60826f87699e7d
code/12_stage3f_pilot/src/geodose_stage3f/__init__.py,43,9340239666129df86379f4ec0398cff69277e4604e10294c0eaf71e1107d5dcc
code/12_stage3f_pilot/src/geodose_stage3f/bridges.py,17161,62edee5ba671014f08e844d9af07009b0b8eeb69fd7c15023baa902ae539e54a
code/12_stage3f_pilot/src/geodose_stage3f/io.py,2686,9b5b766a1daeb36522dbed1ea89cf3c916843c39a5387128726e346c5ebd2cbb
code/12_stage3f_pilot/src/geodose_stage3f/pilot_math.py,28947,7c05756642ce5b960120af03366fe5363d1d2a09a386f9d8ac1294926d27bf28
code/12_stage3f_pilot/src/geodose_stage3f/provenance.py,1246,39ee8ea6f9ebe2a38bf296607a3e6f3393ae00e75002e5426640e6e6335bc05c
code/12_stage3f_pilot/src/geodose_stage3f/runner.py,50279,8f8615f2d5de68a3cd7ad6173975d0be7d5d669b223cf84f684d15190158c3a3
code/12_stage3f_pilot/src/geodose_stage3f/version.py,93,2a0b6483e5ac37236087bf06f7557df157838b32cbe8c15d6b7a6d41acf6a292
code/12_stage3f_pilot/stage3f_run.py,2213,6433a871c148796e2e2fcbecdf758abeb13d56feb6f1dc93bebf21b34d97ca60
code/12_stage3f_pilot/tests/test_stage3f.py,16251,5b83c2cc8c3ea1025e237d624716e5d9c2ba04e118ca9d6e5e8d964fca84de74
code/12_stage3f_pilot/verify_runtime.py,484,7d99f9c6fc3ddf9fb1a61c2a1a6aaaf11d396ab7f6fc66c7ff2f6ebf4dae22f0
code/12_stage3f_pilot/verify_stage3f.py,18034,33b6295bb565ca863b712cc474b3fa4daf4ed905471d3838a823ad409a570b5b
code/13_stage4_controlled_production/CHANGELOG.md,784,6ffc3329d7dfb0969fa155e7c770395167446d8ae832c08369e54356268b0661
code/13_stage4_controlled_production/README.md,2388,5da4d58b8c2895561bc8065e9cf5e50dd4bbf3a0260d129d47f5b09292364df8
code/13_stage4_controlled_production/RUN_STAGE4.bat,3514,d0e7a4d823b1716e421c0489496527c75c15dd2b7460ee5c87ea58f3df719119
code/13_stage4_controlled_production/RUN_STAGE4.ps1,2411,329ecd73b439187b0c356a50a70c2d035ed56ad5bd2aabc2fa6906a1acfc8b09
code/13_stage4_controlled_production/START_HERE.txt,883,0ef96a9ecd97a5b849ed9e53bbeea393e567c7c190a965c69434b0c1a355b0bf
code/13_stage4_controlled_production/configs/expected_upstream_hashes.json,466,a90bd91fe7e37ab5db250eac8e56b924f53129bba7d21021af723f8782267e64
code/13_stage4_controlled_production/configs/local_paths_windows.json,1607,2d6b003dea8bf36a8e7336a9744a4fe51d31269b44593d0ce972c37cf379b052
code/13_stage4_controlled_production/configs/production_contract.yaml,9212,a0df7d2395a1f116b5b4b6a51ed124933c4c4a7ac915b63b218ad82e341dd76b
code/13_stage4_controlled_production/configs/source_locks.json,14594,c927e27c2771d342aa73c4ac79d88698f05a57be6f6a5b17fb0e0317f0bfe81b
code/13_stage4_controlled_production/configs/stage3f_vendor_lock.json,808,22a779c314689da4b4fe37200415045c275f6a236f7a19a3cb7254682b79c5c1
code/13_stage4_controlled_production/docs/STAGE4_MATH_ALGORITHM_AUDIT.md,4793,77e3622ed35ad6a5835d479b1474041b22668bbd8ceda88205c4ed3ff0f78070
code/13_stage4_controlled_production/package_stage4_outputs.py,1209,bffa183b9edf2f6294fb98d21cd2b6b34265cb499420e67c31890e4f0ce8ac02
code/13_stage4_controlled_production/preflight_windows.py,3513,2f6baee5cfa7945dfd595b2eb9bd3cc7ff1a4986ba0a7f2c1a28ec2cc98ce2a1
code/13_stage4_controlled_production/requirements_py310.txt,104,08c348723e384405db6584c53a1ba3730869a4e2de80ee32bc60826f87699e7d
code/13_stage4_controlled_production/src/geodose_stage4/__init__.py,36,536168159b678b5f33d50560f20441e011e28751f9d6376d19d84b96b04f72c1
code/13_stage4_controlled_production/src/geodose_stage4/f06.py,7138,1d1607b826019a036675c8a3f5b505c75c16ecb8af62c4f58d553ff661ea5e79
code/13_stage4_controlled_production/src/geodose_stage4/io.py,3010,d2afb866e13d04fc085beb52402ece52f886ea89f31f4f0d4fce34833e4319f5
code/13_stage4_controlled_production/src/geodose_stage4/production_registry.py,3454,ed52db59b238c2e2ef30c1f14374722de79a3e5e6d48c642cb88f1e7a6e2d0c1
code/13_stage4_controlled_production/src/geodose_stage4/provenance.py,1166,d4fb17dc4a002791ab0d05276872389c1d3bd390947904c92ce105f54b595cc7
code/13_stage4_controlled_production/src/geodose_stage4/runner.py,45581,314b017fcaca0773100601b9d6476041bd98ff5204c04a446339ceb6b9f32d87
code/13_stage4_controlled_production/src/geodose_stage4/version.py,95,a751d64072431d03d9d46cef9fcc7519827b5bd0d8f65ee88666d46664599eb5
code/13_stage4_controlled_production/stage4_run.py,2198,2a4e276ee89ddc418d038ed7ec18ff41db56117dea33450081bdd9f99cb97344
code/13_stage4_controlled_production/tests/test_stage4.py,15775,c795f567ed1bef3f8099c40cfe878fa81cc35e06777880fc6a0d5866f2033346
code/13_stage4_controlled_production/vendor/geodose_stage3f/__init__.py,43,9340239666129df86379f4ec0398cff69277e4604e10294c0eaf71e1107d5dcc
code/13_stage4_controlled_production/vendor/geodose_stage3f/bridges.py,17161,62edee5ba671014f08e844d9af07009b0b8eeb69fd7c15023baa902ae539e54a
code/13_stage4_controlled_production/vendor/geodose_stage3f/io.py,2686,9b5b766a1daeb36522dbed1ea89cf3c916843c39a5387128726e346c5ebd2cbb
code/13_stage4_controlled_production/vendor/geodose_stage3f/pilot_math.py,28947,7c05756642ce5b960120af03366fe5363d1d2a09a386f9d8ac1294926d27bf28
code/13_stage4_controlled_production/vendor/geodose_stage3f/provenance.py,1246,39ee8ea6f9ebe2a38bf296607a3e6f3393ae00e75002e5426640e6e6335bc05c
code/13_stage4_controlled_production/vendor/geodose_stage3f/runner.py,50279,8f8615f2d5de68a3cd7ad6173975d0be7d5d669b223cf84f684d15190158c3a3
code/13_stage4_controlled_production/vendor/geodose_stage3f/version.py,93,2a0b6483e5ac37236087bf06f7557df157838b32cbe8c15d6b7a6d41acf6a292
code/13_stage4_controlled_production/verify_runtime.py,478,3f0e0eb488179f1b71d1eb506fce011ea0941d9a0e30d605de23b373ab9e1414
code/13_stage4_controlled_production/verify_stage4.py,19601,c85ded05fe7cb507f46e811343c576e95c4fbf18a98972583f6d20cd64300908
code/14_stage5a_external_context/FINAL_CONTEXT_PRODUCTION_OUTPUTS/CONTEXT_ATTRITION_AUDIT.json,581,06f11e050eab11593995a8567d33b3ec4c0d3cb9b7018ca7aa083f0777b144ea
code/14_stage5a_external_context/FINAL_CONTEXT_PRODUCTION_OUTPUTS/CONTEXT_FINAL_VERIFICATION.json,890,a9a664eb650cec4b29f317fb34c8f049b38af3f2872f06993c080e6b58eb74f7
code/14_stage5a_external_context/FINAL_CONTEXT_PRODUCTION_OUTPUTS/CONTEXT_FINAL_VERIFICATION_CHECKS.json,6473,a7ed504f7f266be6252036aa99f61e92f63a397c2fb6c9b7611e6ba8f6dd45f7
code/14_stage5a_external_context/FINAL_CONTEXT_PRODUCTION_OUTPUTS/CONTEXT_OUTPUT_BUNDLE_IDENTITY.json,281,8569c80131b91463d3cb3afe596073939f4f65a293c54b0139089ed8a6c3ce43
code/14_stage5a_external_context/FINAL_CONTEXT_PRODUCTION_OUTPUTS/CONTEXT_PRODUCTION_REPORT.json,695,e60e469f63b66bf78df143d6a38f2c4fd2b9642079f7e7a7c96b25c393628275
code/14_stage5a_external_context/FINAL_CONTEXT_PRODUCTION_OUTPUTS/OUTPUT_FILE_MANIFEST.json,4596,4fb7ce8d0922ee6176b38084068bc4768d415bb19530076ad0cdd5c843d80d79
code/14_stage5a_external_context/FINAL_CONTEXT_PRODUCTION_OUTPUTS/READY_FOR_STAGE5A_REVISED_FREEZE/IMPORTANT_NEXT_STEP.txt,358,489a51fb2c6621d9874fa38e660c331760986c68f02952a54970af86ba807af4
code/14_stage5a_external_context/FINAL_CONTEXT_PRODUCTION_OUTPUTS/READY_FOR_STAGE5A_REVISED_FREEZE/context_metadata.json,3239,b282598d3c30d898dbb615eee54fd7ca9a67739831431a7aa01d5bbece009520
code/14_stage5a_external_context/FINAL_CONTEXT_PRODUCTION_OUTPUTS/SOURCE_PROVENANCE_MANIFEST.json,40864,8c93efa9c7a0f55e5106c78d9b217ed74e7312a4b20bbc6179d5e5d6d8616309
code/14_stage5a_external_context/FINAL_CONTEXT_PRODUCTION_OUTPUTS/_census_authority_work/OUTPUT_FILE_MANIFEST.json,1845,37194d1621ffbf7c2a91087a0ed3a3954e29338639060408a2be2b5035255266
code/14_stage5a_external_context/FINAL_CONTEXT_PRODUCTION_OUTPUTS/_census_authority_work/READ_ME_FIRST.txt,538,ff08ddee8ead87505b6f88384ae601c717ce6aacaf072357da6f80f4ec5c15b5
code/14_stage5a_external_context/FINAL_CONTEXT_PRODUCTION_OUTPUTS/_census_authority_work/SOURCE_SUPPORT_CENSUS_MANIFEST.json,40863,0324e90744d13237c2e256b8164563f61b790646523b455a05dc107cd2f28ec8
code/14_stage5a_external_context/FINAL_CONTEXT_PRODUCTION_OUTPUTS/_census_authority_work/SUPPORT_CENSUS_REPORT.json,1765,031abfc34f9e120d5c9bab5333fd178e79bc28eb9618b405f0dc99e90e153814
code/14_stage5a_external_context/FINAL_CONTEXT_PRODUCTION_OUTPUTS/_census_authority_work/SUPPORT_CENSUS_VERIFICATION.json,502,5f3a06e4722719bc2e186e748ee9063710afbe24effea95f1dfcb0d339259504
code/14_stage5a_external_context/FINAL_CONTEXT_PRODUCTION_OUTPUTS/_verify_census_work/OUTPUT_FILE_MANIFEST.json,1845,37194d1621ffbf7c2a91087a0ed3a3954e29338639060408a2be2b5035255266
code/14_stage5a_external_context/FINAL_CONTEXT_PRODUCTION_OUTPUTS/_verify_census_work/READ_ME_FIRST.txt,538,ff08ddee8ead87505b6f88384ae601c717ce6aacaf072357da6f80f4ec5c15b5
code/14_stage5a_external_context/FINAL_CONTEXT_PRODUCTION_OUTPUTS/_verify_census_work/SOURCE_SUPPORT_CENSUS_MANIFEST.json,40863,0324e90744d13237c2e256b8164563f61b790646523b455a05dc107cd2f28ec8
code/14_stage5a_external_context/FINAL_CONTEXT_PRODUCTION_OUTPUTS/_verify_census_work/SUPPORT_CENSUS_REPORT.json,1765,031abfc34f9e120d5c9bab5333fd178e79bc28eb9618b405f0dc99e90e153814
code/14_stage5a_external_context/FINAL_CONTEXT_PRODUCTION_OUTPUTS/_verify_census_work/SUPPORT_CENSUS_VERIFICATION.json,502,5f3a06e4722719bc2e186e748ee9063710afbe24effea95f1dfcb0d339259504
code/14_stage5a_external_context/FINAL_CONTEXT_PRODUCTION_OUTPUTS/context_metadata.json,3239,b282598d3c30d898dbb615eee54fd7ca9a67739831431a7aa01d5bbece009520
code/14_stage5a_external_context/PRODUCTION_PACKAGE_MANIFEST.json,4720,bb309ec750a36dbeada589f7ba80bcdac69d7f73b9c2abf73247e097f9bc6b22
code/14_stage5a_external_context/README.md,2039,16094c7b4a186c1d4ea8b823b5c7789b4a9090a1c711390dac9b978259ea65ec
code/14_stage5a_external_context/RUN_FINAL_CONTEXT_PRODUCTION.bat,315,c355deaf23780952bb87a3638121f2f22de63e8e1d4ca6cfae232b360d400bdc
code/14_stage5a_external_context/RUN_FINAL_CONTEXT_PRODUCTION.ps1,2468,5a4022630eb1e0389b9fe42f14d5686a4586d69747662f87c71fcf48eafa89f0
code/14_stage5a_external_context/RUN_FINAL_CONTEXT_VERIFY_ONLY.bat,109,1a1c33eb5ba56fa5c81c7e6b183ed01e5fe74461cc07d073cbb5faf70c57ecf3
code/14_stage5a_external_context/RUN_FINAL_CONTEXT_VERIFY_ONLY.ps1,887,eb3f5ba2da0cd37827faa47d2cd182c6a44b4a5e0f774d2340171861fb174383
code/14_stage5a_external_context/START_HERE.txt,1477,6303d27bef7062c611433336473f8376326847112b10a42c4df29e74bcbe0624
code/14_stage5a_external_context/configs/local_paths_windows.json,54,1238627608e8e04209cd7bb10e07f0d3f3d32e1c3155d96f3b37e4242888f304
code/14_stage5a_external_context/configs/production_contract.json,2242,97b5310250cebd602220632b11e040bdcfe7042b626b6d9a956b6162c1820ad6
code/14_stage5a_external_context/docs/ALIGNMENT_RECHECK.md,1267,e920e737570fac638ff84e17103df561428904d7eeacee6924195f904f0ec2df
code/14_stage5a_external_context/docs/OUTPUT_CONTRACT.md,866,d17900fec4b5891fe13270811e1436116a58e1594bf80c042aca2046ef3d7caa
code/14_stage5a_external_context/docs/RECOVERY_AND_RESUMABILITY.md,629,8dfc0b0ea7961740c29310e6408986f0e19c1954802bd94b1915b060cb02f9cf
code/14_stage5a_external_context/docs/RELEASE_RECHECK.md,1443,eebbbf2295d32c83bdb3b7dd2738bd8af706da9b190464c8e13e87a404c1a398
code/14_stage5a_external_context/docs/SCIENTIFIC_CONTRACT.md,969,dd4f88c5226b25d6debf6ec07261ff3822a1f407c266e65af07237cf8bd66d54
code/14_stage5a_external_context/docs/V1_0_1_CORRECTION_NOTE.md,924,e901863183b496d90adc7df59e5ed0ccbd9861b06311f73dac0c3e10620aa8e7
code/14_stage5a_external_context/final_context_production.py,592,84b347d4a2a74da81bd3fa2d230152940b5e051addf15bdbbac0282a49bf24ad
code/14_stage5a_external_context/src/__init__.py,0,e3b0c44298fc1c149afbf4c8996fb92427ae41e4649b934ca495991b7852b855
code/14_stage5a_external_context/src/authority.py,6132,43c660c5c4f055e4eb21f00bf8942f4ff3e8b544f6c1a30909762d1fdedf26bc
code/14_stage5a_external_context/src/common.py,2835,e7acf2bc29c6e32feee4fbffa2f7f63571c9ea7aa7f5113620703ffafa04ad19
code/14_stage5a_external_context/src/production.py,25772,36a15a0adbea3d4db85b99c0d64bf0dfa0a26e77ef6324dbf9095fc6d7a74171
code/14_stage5a_external_context/src/verify.py,9316,1c4f0820a69df98f254791c747a2b2717ee139297e0d53e3cd75640781772545
code/14_stage5a_external_context/tests/run_tests.py,5436,1bddefd9ee2ac79a4a53bbf84d6160e8e081f3c49d446e5a9899441a994e07a7
code/14_stage5a_external_context/verify_final_context_only.py,455,5c65fdfd87c4336edca3ee8c92e88641855d4181a014d30bef2366a55dfe5eba
code/14_stage5a_external_context/verify_package.py,929,9ee24bef1191ce5f4ece55ff0371c1597c1f1cc636716159942f1f773b24947e
code/14b_stage5a_minedosebench_publication_core/README.md,1060,21a8e32c038942e91093b83e5cdb27fa9fffa36ae67a4bca855f502dd50eef74
code/14b_stage5a_minedosebench_publication_core/accepted_v1_2_release_metadata/MINEDOSEBENCH_CLAIM_BOUNDARY.json,1472,cf5aa533a790a05ecb897e26162e13e43fb55d2a1c6551706b745721ee82a9a4
code/14b_stage5a_minedosebench_publication_core/accepted_v1_2_release_metadata/MINEDOSEBENCH_DATA_DICTIONARY.csv,1880,f2dd9cbce7eae8c967488f8e3466e6392b8b2fda7d4c867b12e992f2c484111f
code/14b_stage5a_minedosebench_publication_core/accepted_v1_2_release_metadata/MINEDOSEBENCH_EXTERNAL_CONTEXT_FREEZE_AUTHORITY.json,998,92dd0ba2ae63754269de3e9b27336f02dc9913e3190bc465f422cef700d5834c
code/14b_stage5a_minedosebench_publication_core/accepted_v1_2_release_metadata/MINEDOSEBENCH_FREEZE_REPORT.json,880,80b7c9f3317e6fc700a5f6d233b4e8e11b098946e709c53d422ed4ccde7c7812
code/14b_stage5a_minedosebench_publication_core/accepted_v1_2_release_metadata/MINEDOSEBENCH_MANIFEST.json,5254,4ac19d201c2c5fecc48ba79106b1e8119418ee27d527c115ed727199c340190f
code/14b_stage5a_minedosebench_publication_core/accepted_v1_2_release_metadata/MINEDOSEBENCH_RELEASE_MANIFEST.json,5851,4257a7a057c4e87d15a21bb61c28a5ed20dabaef608c4797e0a36f33e80491e9
code/14b_stage5a_minedosebench_publication_core/accepted_v1_2_release_metadata/MINEDOSEBENCH_VERIFICATION.json,26431,09d7a062c6d9dd63d95085bfac4269fd05c72806cc9d64e90fbc010b9b991c85
code/14b_stage5a_minedosebench_publication_core/accepted_v1_2_release_metadata/Stage5A_External_Context_Final_Independent_Audit.md,6885,1e4a7856cafdbd1cf6fa6dd7a08db79370007b6068a1eb246e028474f87ad9cb
code/14b_stage5a_minedosebench_publication_core/accepted_v1_2_release_metadata/Stage5A_MineDoseBench_v1_2_0_Independent_Freeze_Audit.md,11480,920a803ca6b82fc4bb6ed3b9f1784d15241d653f92603debe6c05937569673fa
code/14b_stage5a_minedosebench_publication_core/accepted_v1_2_release_metadata/context_metadata.json,3239,b282598d3c30d898dbb615eee54fd7ca9a67739831431a7aa01d5bbece009520
code/14b_stage5a_minedosebench_publication_core/accepted_v1_2_release_metadata/minedosebench_allowed_predictors.csv,3758,01802dadd55783e944d8113ad00e7858066cbc1e4207c69b8d2d370eef843bbc
code/14b_stage5a_minedosebench_publication_core/accepted_v1_2_release_metadata/minedosebench_scenario_registry.csv,7058,7b826374147eb570410a5ef4922d267a7bdd633ebc8a566c5ee0916ef97886c4
code/14b_stage5a_minedosebench_publication_core/accepted_v1_2_release_metadata/minedosebench_seed_registry.csv,66325,c5a2f5470ad9001ba646a54da38e56e1b2ea20a8e1ac103666e9562f3bc71c31
code/14b_stage5a_minedosebench_publication_core/accepted_v1_2_release_metadata/minedosebench_source_inventory.json,4370,6f1374973ed7ddc369153cc325f1f179234d37b52c924216776f54afabb39376
code/14b_stage5a_minedosebench_publication_core/accepted_v1_2_release_metadata/minedosebench_split_summary_90m.csv,335,d7dc8521255a362dc216e1fd477b78c2f0c27f08e97fde9b8cf253e77610d5cb
code/14b_stage5a_minedosebench_publication_core/configs/context_schema.json,1666,d2b3f4424212c96b29af4140118d612ffea4a9c21ada43f30e0b933a7f768b4a
code/14b_stage5a_minedosebench_publication_core/configs/evaluation_contract.csv,7221,258ea8abccd868a4747aca14058ebd45fd79215216a6f29ff4b211846fa1e3a2
code/14b_stage5a_minedosebench_publication_core/docs/CORRECTIONS_FROM_V1_0_CANDIDATE.md,2881,93585a2e0cfbb5300ba8b26a920427138edea14cb709b29fada8aac7d2dc5e70
code/14b_stage5a_minedosebench_publication_core/docs/MINEDOSEBENCH_MATH_PROTOCOL.md,8545,a4e826ff9ea2d83225c25a74fffead4c2723dcc9687c46d6200c43b3256d4b79
code/14b_stage5a_minedosebench_publication_core/docs/STAGE5B_EVALUATION_CONTRACT.md,3319,2edf91df5482cc979dcedd09ed10e5d65f15566fe3396235c03b85a9fdc222f8
code/14b_stage5a_minedosebench_publication_core/minedosebench_source_inventory.json,4370,6f1374973ed7ddc369153cc325f1f179234d37b52c924216776f54afabb39376
code/14b_stage5a_minedosebench_publication_core/requirements_py310.txt,103,daa97f40c3dc7fa4006f7d8f565fa091e9f1a1994511fbbded5c4c13ee96d042
code/14b_stage5a_minedosebench_publication_core/src/minedosebench/__init__.py,61,cd223f4863e849e274ffd4433af055657692744b43ac2237f7de989d10699e32
code/14b_stage5a_minedosebench_publication_core/src/minedosebench/generator.py,12616,a6e23bdcb556e994d8432bae6904d8bca87c931586be5f4b2737bbadb08fc7e3
code/14b_stage5a_minedosebench_publication_core/src/minedosebench/gmrf.py,1754,b8ecca68c278622de6d9dbdcadb40126a3b4936c6b6e98b858c47c6ae3a6c7f6
code/14b_stage5a_minedosebench_publication_core/src/minedosebench/inputs.py,2999,a6b9915c372e0883a272e743620ab816aa054396df4eb10231f915a32c1cb5f7
code/14b_stage5a_minedosebench_publication_core/src/minedosebench/io.py,2143,8aa1a3cbb8edea551293abdd08741bc7806c57834196ec83671335e385742c84
code/14b_stage5a_minedosebench_publication_core/src/minedosebench/math.py,6237,07897af4fe101cdaf77b790c8d3f05039ee8a13a5a0ea5aa1fc1e69b8cc3030d
code/14b_stage5a_minedosebench_publication_core/src/minedosebench/scenarios.py,6732,3a7604a22657a9fa6802547e7c0a84c8193f876bd898830099cf37025152132f
code/14b_stage5a_minedosebench_publication_core/src/minedosebench/splits.py,4179,436565d48887c066f5d82bf3c82e504b095734e7d3d66ed988735626644c24e6
code/14b_stage5a_minedosebench_publication_core/src/minedosebench/substrate.py,5551,bc48d2c48b93990e46f465b154e52fc243bd332aae60e0fc59234615faaf71d5
code/15_stage5b_minedosebench_evaluation/PACKAGE_MANIFEST.json,6108,436d844b49857dce79a5449b6c82819c48a5820c535aa9bd4f7d81e96f010df5
code/15_stage5b_minedosebench_evaluation/README.md,2002,8dbc3d873cd975dac0ffd1681ca723ff2e532d2934ecd615688c2250e035ee0b
code/15_stage5b_minedosebench_evaluation/RUN_STAGE5B_PRODUCTION.bat,321,1a40b3729fad1cf2d8427d194f193c66607960ab7269ca0c2766f6addd3795a3
code/15_stage5b_minedosebench_evaluation/RUN_STAGE5B_PRODUCTION.ps1,4330,14780cd57c4013b19f66d56db09bb38f17325517c6f8f6be2c6816c856bece8b
code/15_stage5b_minedosebench_evaluation/START_HERE.txt,1071,0afe56f8f6e872840d64167bd593cda78221616712aa8aac5e6ce41a8d75a5e0
code/15_stage5b_minedosebench_evaluation/authorities/MINEDOSEBENCH_MATH_PROTOCOL.md,8545,a4e826ff9ea2d83225c25a74fffead4c2723dcc9687c46d6200c43b3256d4b79
code/15_stage5b_minedosebench_evaluation/authorities/STAGE3D_D2_NUMERICAL_TOLERANCES.json,434,d519cd13c1d2916925e1fc748485ece77c7fb216e74b5d4e1931632a4146ce0c
code/15_stage5b_minedosebench_evaluation/authorities/STAGE3F_OPERATIONAL_GATE_CONTRACT.json,1100,97a26985b4fbceb330acef3a7a821410424acba1a1d0494db5529c45d2e45a3e
code/15_stage5b_minedosebench_evaluation/authorities/STAGE5A_evaluation_contract.csv,7221,258ea8abccd868a4747aca14058ebd45fd79215216a6f29ff4b211846fa1e3a2
code/15_stage5b_minedosebench_evaluation/authorities/STAGE5B_EVALUATION_CONTRACT.md,3319,2edf91df5482cc979dcedd09ed10e5d65f15566fe3396235c03b85a9fdc222f8
code/15_stage5b_minedosebench_evaluation/configs/expected_authorities.json,1992,9ecfcbf5f7035b6b4b617844375a658e8afe7f6545c4fd976505c1bf821981f1
code/15_stage5b_minedosebench_evaluation/configs/stage5b_contract.json,3227,ea48fce6910124fd9d2058211c4805770172c5de6bd3ec97e180bc1de953b81b
code/15_stage5b_minedosebench_evaluation/docs/CLAIM_BOUNDARY.md,933,d18de464fafb33a60a4d7d8511e6b87fd4e45a7f7b68a3f2bb57813ce0afbde6
code/15_stage5b_minedosebench_evaluation/docs/STAGE5B_MATH_ALGORITHM_AUDIT.md,6018,c793ae51a7af175c519362481c8686cd4e6e857e77f95e2b29842f1fb651dff5
code/15_stage5b_minedosebench_evaluation/package_stage5b_release.py,1316,5f9de38f9e846fa1ea9f55062cd91209d8a6118c9e02e80d1fcaf35feadce3ff
code/15_stage5b_minedosebench_evaluation/requirements_py310.txt,201,3cc1b959a493bdf1e2fd9e66ab2ba4c77498af5a9411f7bf3d45fb0452442b9b
code/15_stage5b_minedosebench_evaluation/src/geodose_stage5b/__init__.py,0,e3b0c44298fc1c149afbf4c8996fb92427ae41e4649b934ca495991b7852b855
code/15_stage5b_minedosebench_evaluation/src/geodose_stage5b/authority.py,3612,c0d87cc2c8637c1fb0ed250a63b4c7b96c215f8375e5fed7b800b075d0e21458
code/15_stage5b_minedosebench_evaluation/src/geodose_stage5b/common.py,4800,11a03d7e91e82b9bde213889de814ce0981a919626c1d81f42b12fd498f13cdf
code/15_stage5b_minedosebench_evaluation/src/geodose_stage5b/data.py,8418,c15ed322414d06f6e7a354caf1cfd1b0c0dcc7bba74dea146502379eb8a09a4f
code/15_stage5b_minedosebench_evaluation/src/geodose_stage5b/evaluation.py,41082,d405a659d3734e0d7f790381015449ee16fed1c74040c3ada5f930600435b0f1
code/15_stage5b_minedosebench_evaluation/src/geodose_stage5b/figures.py,6808,31bad5d2307e3f25e6cc2ece5ec062c34274ccabc3a6ba8dec1d575734ff128c
code/15_stage5b_minedosebench_evaluation/src/geodose_stage5b/models.py,6598,2d212fd37effd09ed51cae00cfa77a3d3f46111fc688c4351349df61c4b98668
code/15_stage5b_minedosebench_evaluation/src/geodose_stage5b/orbit.py,10593,d72b1a9824e69738383f0a75de4ca8c85bf283e29ff396eb1217f66095f11179
code/15_stage5b_minedosebench_evaluation/src/geodose_stage5b/runner.py,14741,cfa97cb7fe3fdcb42c4cf608fe98ff39aac08fe59491cb245dfa11744b5144c7
code/15_stage5b_minedosebench_evaluation/src/geodose_stage5b/spatial.py,8015,b798a6ee64c188b3d7c6f4b61ee3176e04d4c03186de0d1f5101c534aed691a3
code/15_stage5b_minedosebench_evaluation/src/geodose_stage5b/summaries.py,14392,a612ff45013cb96802dce33bbb44524404dc683e109da09bcfbe78cdf3341524
code/15_stage5b_minedosebench_evaluation/stage5b_run.py,293,b62f764cda14845d67a91535438824ada403cf670eae4017bd8b196871cdbbe1
code/15_stage5b_minedosebench_evaluation/tests/test_stage5b.py,13785,02e1f737045e6c825ddd05e39623b7d58c9d94fa3bb47e10b8e4a0c6bc669cc8
code/15_stage5b_minedosebench_evaluation/vendor/d3_exact/__init__.py,59,586c9af0919ae282700729700def55f45cd5ad443ded4e2d112e222ff935418f
code/15_stage5b_minedosebench_evaluation/vendor/d3_exact/graph_law.py,5462,dbf481195ddfc9e33afab783f8192d3b1f0f81ec48ba91a48bd5cb554dd576bc
code/15_stage5b_minedosebench_evaluation/vendor/d3_exact/io.py,7721,dea8fda0028de2be7d5f2daa0cdd34bf180cda399c8c87e1f0258949a22450aa
code/15_stage5b_minedosebench_evaluation/vendor/d3_exact/m3_oracle.py,5068,a2fc7bd4270f57170c081c9f0a30fb2686be1fd6d5daf9a521e670baff5e2a2e
code/15_stage5b_minedosebench_evaluation/vendor/d3_exact/m4_oracle.py,2372,7ce7f7c2714e17538ea6a7bbb58087733d592aaed60add5565c05c6d77a32f24
code/15_stage5b_minedosebench_evaluation/vendor/d3_exact/orbit.py,2266,a036cca7afa59fe1ce4e96d2cd190163244f96b7a733b91ebfbfdfb50db330d1
code/15_stage5b_minedosebench_evaluation/vendor/minedosebench/__init__.py,61,cd223f4863e849e274ffd4433af055657692744b43ac2237f7de989d10699e32
code/15_stage5b_minedosebench_evaluation/vendor/minedosebench/generator.py,12616,a6e23bdcb556e994d8432bae6904d8bca87c931586be5f4b2737bbadb08fc7e3
code/15_stage5b_minedosebench_evaluation/vendor/minedosebench/gmrf.py,1754,b8ecca68c278622de6d9dbdcadb40126a3b4936c6b6e98b858c47c6ae3a6c7f6
code/15_stage5b_minedosebench_evaluation/vendor/minedosebench/io.py,2143,8aa1a3cbb8edea551293abdd08741bc7806c57834196ec83671335e385742c84
code/15_stage5b_minedosebench_evaluation/vendor/minedosebench/math.py,6237,07897af4fe101cdaf77b790c8d3f05039ee8a13a5a0ea5aa1fc1e69b8cc3030d
code/15_stage5b_minedosebench_evaluation/vendor/minedosebench/scenarios.py,6732,3a7604a22657a9fa6802547e7c0a84c8193f876bd898830099cf37025152132f
code/15_stage5b_minedosebench_evaluation/verify_package.py,896,bd7d549a3c1fb1ee0a5a0ae10a2c60440d8c7bda83861e4d9b5f8453b87218bf
code/15_stage5b_minedosebench_evaluation/verify_runtime.py,1019,f4d01b06f24daa9d25c7f751c97f1c775aad34084c6aeb34e73dad3bfc2e0329
code/15_stage5b_minedosebench_evaluation/verify_stage5b.py,13816,fd6ddb0751b7549de2919fe71f615d056d8aef555a3f490c13540a7a717bc802
code/16_stage5c_postfreeze_closure/AUTHORITIES/Stage5B_MineDoseBench_Independent_Scientific_Audit.md,10334,689a0cc97fbf98096aa6a15199fadae4e71c91ada4b04914d764b8a080957422
code/16_stage5c_postfreeze_closure/PACKAGE_MANIFEST.json,2092,95b685f33f51020ad0936901784b9dc781f96b4c8acc9238e60e77f973ba4849
code/16_stage5c_postfreeze_closure/README_RUN_FIRST.md,1513,38dd97dd8a1bcc2d1fe26ee9ef5b4eb14306b09d40dbf44f544f7812c3a9b613
code/16_stage5c_postfreeze_closure/RUN_STAGE5C_CLOSURE.bat,1993,fb623d570d85806073d43291ac318bbe14772efb771fab7e33000380e3437ed8
code/16_stage5c_postfreeze_closure/config/closure_contract.json,2006,b797156367c54e62994302afeff3176d1e6913154d93f02d0e3cac70035f6fd6
code/16_stage5c_postfreeze_closure/requirements_py310.txt,62,077f6977ac9eaee807b83a0fac0fa19ecce0ef45f0f2946f25b3b06fd818b034
code/16_stage5c_postfreeze_closure/run_stage5c_closure.py,39308,280133ce5a86759d833d1f553ac166af2fc3a662a01d132a7178636bac3327cb
code/17_stage6a_nsw_real/PACKAGE_MANIFEST.json,7989,61fc88a4187f6d3b10e36b5d606c553cf9e615f2d1048c50253dd45a945d10f1
code/17_stage6a_nsw_real/README.md,1226,383b1f25b98f92bdaabbdfdf35836dfaca5d9528f73ef8861c8e8bfe0096793d
code/17_stage6a_nsw_real/RUN_NSW_REAL_DEMONSTRATION.bat,318,6a9f942cb5b6b63786f5fdeabab2b9ab0f65c7f0c739f748a23c0b012e34629d
code/17_stage6a_nsw_real/RUN_NSW_REAL_DEMONSTRATION.ps1,3949,2d7a272aa4d72a7c623b8bc7f7e3b89a080cf0d386aa3f709d76796b0b44b815
code/17_stage6a_nsw_real/START_HERE.txt,586,d8dcf82ebbd8359d721ab78f3be17f5adda3f82bd4b557228d4510e10c49ba45
code/17_stage6a_nsw_real/configs/expected_authorities.json,2391,afc09068fabc8fc6dc3faaf5d938d9505aa5f40b135032320247da2fd38a9ffe
code/17_stage6a_nsw_real/configs/stage6a_contract.json,5656,a181486fc00ee8c3628c14f2b33b4dbec7fa0ab13b11fc23fc82b2b4202c1879
code/17_stage6a_nsw_real/docs/CLAIM_BOUNDARY.md,1264,2c707c3615278cc3558661413588f3ab9e19aa59d5558ce165359e5b9e1ed7a0
code/17_stage6a_nsw_real/docs/FIGURE_PLAN.md,720,903f70e2dc88953dfa9e083669114b7da88f500e1c936800a206a9b9b2a453b7
code/17_stage6a_nsw_real/docs/MATH_ALGORITHM_ALIGNMENT.md,1548,216fa374a8e51d91639b637e5c690ccf79ca8912b240514b99d4713cf2185283
code/17_stage6a_nsw_real/package_stage6a_release.py,1876,421dc34eeb97d02c5379becb86ab682b32189fd67073937d2bea2dc9bb1956d7
code/17_stage6a_nsw_real/requirements_py310.txt,201,3cc1b959a493bdf1e2fd9e66ab2ba4c77498af5a9411f7bf3d45fb0452442b9b
code/17_stage6a_nsw_real/src/geodose_stage6a/__init__.py,0,e3b0c44298fc1c149afbf4c8996fb92427ae41e4649b934ca495991b7852b855
code/17_stage6a_nsw_real/src/geodose_stage6a/authority.py,2208,ffa2643ef8e386d619f7ebf67741482b06c0919d625c21c95c33427b39f0c232
code/17_stage6a_nsw_real/src/geodose_stage6a/common.py,2789,2f76159cea4ee0364442479032737b69ae156dc157a9e1c4ffebe53c6602d2d4
code/17_stage6a_nsw_real/src/geodose_stage6a/data.py,9435,152008341b2d57bdf76e0688c9770fcbbac41b525f401b8e821d935f4e54e904
code/17_stage6a_nsw_real/src/geodose_stage6a/evaluation.py,12012,ccc4ae9f550b56664519ed255c774e5b98649b2bfc88e9c6eee67f5629623435
code/17_stage6a_nsw_real/src/geodose_stage6a/figures.py,9273,5fe4131a00778cf8e4bba2b42cfd5e08e0e18096ad98b969312789a8cdfbfac2
code/17_stage6a_nsw_real/src/geodose_stage6a/intervals.py,4891,f76c04a0355cb714577392be8434db29c7cdbe0c116a7da6e4ef0a97d137c4c3
code/17_stage6a_nsw_real/src/geodose_stage6a/models.py,1784,b7eb091363637ec43325ee08aa281266944977fb6c1fef0220967e275cf35525
code/17_stage6a_nsw_real/src/geodose_stage6a/runner.py,10710,5b4c27317ca7112f131f606786c54620834298431fdfebbf8454405f6dd8b367
code/17_stage6a_nsw_real/src/geodose_stage6a/summaries.py,5550,c4def58fdcbc9c42f37153614cf66cce7d5d82f5f6bc743b67c5b03cd40cffcb
code/17_stage6a_nsw_real/stage6a_run.py,231,80ccd775389bb805ca020756a2c0ed182a17ad4fa9c5321261b21ce1eca38937
code/17_stage6a_nsw_real/tests/test_stage6a.py,5376,b291f4b6792b30c7c56e1fbaec63d0e361de13ebc296a68753571a30a4e140ad
code/17_stage6a_nsw_real/vendor/geodose_stage5b/__init__.py,0,e3b0c44298fc1c149afbf4c8996fb92427ae41e4649b934ca495991b7852b855
code/17_stage6a_nsw_real/vendor/geodose_stage5b/common.py,4800,11a03d7e91e82b9bde213889de814ce0981a919626c1d81f42b12fd498f13cdf
code/17_stage6a_nsw_real/vendor/geodose_stage5b/orbit.py,10593,d72b1a9824e69738383f0a75de4ca8c85bf283e29ff396eb1217f66095f11179
code/17_stage6a_nsw_real/vendor/geodose_stage5b/spatial.py,8015,b798a6ee64c188b3d7c6f4b61ee3176e04d4c03186de0d1f5101c534aed691a3
code/17_stage6a_nsw_real/vendor/minedosebench/__init__.py,0,e3b0c44298fc1c149afbf4c8996fb92427ae41e4649b934ca495991b7852b855
code/17_stage6a_nsw_real/vendor/minedosebench/io.py,2143,8aa1a3cbb8edea551293abdd08741bc7806c57834196ec83671335e385742c84
code/17_stage6a_nsw_real/vendor/minedosebench/splits.py,4179,436565d48887c066f5d82bf3c82e504b095734e7d3d66ed988735626644c24e6
code/17_stage6a_nsw_real/verify_package.py,676,8441acc2e51220d7149a83309a132f98cb6f262d9df6a7ab077ef6dfce07b0e0
code/17_stage6a_nsw_real/verify_runtime.py,621,eed5ef7b46f0aadd2370d10100598cd4389502d56be6a910854729f830883dfe
code/17_stage6a_nsw_real/verify_stage6a.py,6237,088dd84e85bebc275c950e304a727e8d116fad9a5aa8f4e1482ee0ab2b62aa95
data/EXACT_FROZEN_CONTEXT_SOURCE_ASSETS.csv,11518,ea964eaecaea2aec4b24c3980af47a783908b522dab25e8e3874fec1e61b267a
data/EXACT_FROZEN_CONTEXT_SOURCE_ASSETS.json,17823,fa6cdd117bcf798354e9b83e84bef8defa089f7d769fe76bbb502984b3af7550
data/NSW_SOURCE_LAYERS.csv,917,c7c843ddd47698b4b3a72c7afa2d672a6bdb6c10522af418acc7b323c8cd6821
data/SOURCE_CITATIONS.md,2876,790bf18af60a3cf5e70ac4cc0050873109284ab216f53d9ee5bca278cb9010ef
data/SOURCE_REGISTRY.csv,6513,5cd023424e0c3fcc25bd02868d212c311f750d291553e3d6477b4d2dc52f9e27
data/SOURCE_REGISTRY.json,9947,58984288a7565fb94b039c9b3b36a95ea7c5cfa70dc53daafaaf0478c880e7e4
docs/DATA_AND_CLAIM_BOUNDARY.md,1802,4fe8a0abef8754c564ca72c48d79d262ce316a499723b0330328356899466f6c
docs/DATA_PROVENANCE_PACKAGE_NOTES.md,2977,5a146a01d279cc6b213571a92f4602053cb74da1bfde8363e92491eb61009ce8
docs/SOURCE_LICENSE_AND_REDISTRIBUTION.md,1294,61a1f1afcb1d1642291701b075eeb536d51ef7aa8b69e167992aafb82da50b24
paper/CODE_AND_DATA_AVAILABILITY_TEMPLATE.tex,774,2bc5d29ad51592665bbe06377aff4fa64886d2e09fb90d86ea493368c7ac2cc9
provenance/MINEDOSEBENCH_V1_2_ACCEPTED_RELEASE_IDENTITY.json,347,db337044785e5a6e41d31b551c1e98b9173ebc6b46e448189911a492b29a2d84
provenance/SOURCE_ARCHIVE_MANIFEST.csv,3050,54f258e4008942f6f0bcc4a8b0f1db2c8596bbf819015521082224f351f77ea0
provenance/STAGE2B_DEA_SOURCE_CONTRACT.json,1277,199dca7fe140f57d2f727b8f2079560fb0c25cb8aaa511b2e44f6d130bdbc075
provenance/STAGE5A_SOURCE_PROVENANCE_MANIFEST.json,40864,8c93efa9c7a0f55e5106c78d9b217ed74e7312a4b20bbc6179d5e5d6d8616309
provenance/STAGE5A_SOURCE_SUPPORT_CENSUS_MANIFEST.json,40863,0324e90744d13237c2e256b8164563f61b790646523b455a05dc107cd2f28ec8
provenance/Stage5A_MineDoseBench_v1_2_0_Independent_Freeze_Audit.md,11480,920a803ca6b82fc4bb6ed3b9f1784d15241d653f92603debe6c05937569673fa
provenance/WEB_VERIFICATION_RECORD.md,2140,43baea809fed032310c1ea918500aa43fe8416b5345a809c5a2e9847ec70b356
