case_id,scenario_id,common_random_group,replication,covariate_seed,treatment_seed,residual_seed,measurement_seed,target_draw_seed,exact_audit_seed,graph_seed,temporal_seed
MDB_S1_BASE,S1,MDB_S1_BASE,1,1217981895,1065985457,1828915619,1501745591,2114916671,1040768265,1049260460,2024174779
MDB_S1_BASE,S1,MDB_S1_BASE,2,1993314255,1601871824,1653085572,6811288,1043554449,1656026695,1721719052,930495512
MDB_S1_BASE,S1,MDB_S1_BASE,3,484853052,1571915340,1492689158,1220838201,691207347,1098987574,1021056521,1233111720
MDB_S1_BASE,S1,MDB_S1_BASE,4,27948881,500015171,1426615091,1539949780,735311750,859836841,1302949220,2081446671
MDB_S1_BASE,S1,MDB_S1_BASE,5,1109020082,1559963196,925413097,1857366924,121059352,884480841,1556717256,394559113
MDB_S1_BASE,S1,MDB_S1_BASE,6,2147209343,2064465719,1804333374,655878977,1960416556,559851218,1358413503,2144816824
MDB_S1_BASE,S1,MDB_S1_BASE,7,110289386,2120992279,2060835651,654357417,2039018186,1891090373,2088444934,1779631732
MDB_S1_BASE,S1,MDB_S1_BASE,8,88653313,918126780,843095695,935853071,668825606,975753594,212299067,1976919839
MDB_S1_BASE,S1,MDB_S1_BASE,9,213158372,1797287830,826085901,1260630257,930671542,1928500336,1237797853,1099572533
MDB_S1_BASE,S1,MDB_S1_BASE,10,1811096268,788311211,1303841423,1841344859,1320827231,1989146347,1264849216,35996710
MDB_S1_BASE,S1,MDB_S1_BASE,11,636113848,885698139,1148414259,270081198,290077288,456778366,1891604677,1104089955
MDB_S1_BASE,S1,MDB_S1_BASE,12,436408541,959977594,1098578122,258810791,147244870,1474207528,1382867959,710592001
MDB_S1_BASE,S1,MDB_S1_BASE,13,1603771966,195252518,1435051581,772715638,495680116,1107067424,1660331868,799320036
MDB_S1_BASE,S1,MDB_S1_BASE,14,1529302579,950794760,1811827597,1292524,1432651175,958909351,1424913892,585065000
MDB_S1_BASE,S1,MDB_S1_BASE,15,1369483632,39477913,151935145,1657567579,1204792533,45362858,1014214473,206234855
MDB_S1_BASE,S1,MDB_S1_BASE,16,551588995,1699668230,4012789,1214484991,1835020618,933408237,15857788,31971837
MDB_S1_BASE,S1,MDB_S1_BASE,17,1090796633,1216267758,397394291,15816493,1712763562,925010340,1923571968,350292882
MDB_S1_BASE,S1,MDB_S1_BASE,18,1009817506,1074231591,1044775545,1628739293,902608552,752189483,1887711422,730962112
MDB_S1_BASE,S1,MDB_S1_BASE,19,1103041961,777898527,254962392,626613762,1447425546,1422980784,1633091189,1950711259
MDB_S1_BASE,S1,MDB_S1_BASE,20,640683582,1262565718,1335027448,884318196,243240431,1097734062,1859007140,972348110
MDB_S2_SPATIAL,S2,MDB_S2_SPATIAL,1,743654443,18921839,1464324969,1201867473,806526753,1766376534,931842891,1605680882
MDB_S2_SPATIAL,S2,MDB_S2_SPATIAL,2,995390134,154850311,777248783,2074569012,83287000,883518624,1819882485,431622305
MDB_S2_SPATIAL,S2,MDB_S2_SPATIAL,3,2008335093,1305318777,1299824723,1210512558,2146996065,1399868955,1434311023,965780000
MDB_S2_SPATIAL,S2,MDB_S2_SPATIAL,4,1933828529,1118015749,1410378690,1165883089,593403131,1660556373,1533604467,1171635749
MDB_S2_SPATIAL,S2,MDB_S2_SPATIAL,5,1229612357,571174907,226557085,1022022505,1500581853,111673838,318674402,1097730293
MDB_S2_SPATIAL,S2,MDB_S2_SPATIAL,6,1830166588,602727769,1558016702,302196530,1392872802,2069626788,333838153,1517180868
MDB_S2_SPATIAL,S2,MDB_S2_SPATIAL,7,1621935835,1695536903,170448234,27696078,1120389328,1534588763,1211778116,490158617
MDB_S2_SPATIAL,S2,MDB_S2_SPATIAL,8,500077164,22821960,1159735028,68150014,1726228975,916024676,2018702216,193862152
MDB_S2_SPATIAL,S2,MDB_S2_SPATIAL,9,279570305,1617112959,1671760248,1181249700,1308168583,1869758006,574646419,1258537524
MDB_S2_SPATIAL,S2,MDB_S2_SPATIAL,10,2114404523,613652683,681702253,995442186,309703616,68989452,993121495,1825307799
MDB_S2_SPATIAL,S2,MDB_S2_SPATIAL,11,1045993457,867065127,237309824,569863649,138071227,1670469078,1636650939,166275293
MDB_S2_SPATIAL,S2,MDB_S2_SPATIAL,12,1548763043,1789612468,218867599,1319257502,1676993154,1622315692,1700175858,1110125938
MDB_S2_SPATIAL,S2,MDB_S2_SPATIAL,13,275885876,1808017810,641055494,1806519351,1864391883,2067588376,407022194,1040070094
MDB_S2_SPATIAL,S2,MDB_S2_SPATIAL,14,2126514897,585171109,1175388980,1708534858,975328737,1252566188,1172484013,495316458
MDB_S2_SPATIAL,S2,MDB_S2_SPATIAL,15,453609239,1423292479,308262316,1801107747,1529287606,316577296,1189636845,128013674
MDB_S2_SPATIAL,S2,MDB_S2_SPATIAL,16,91340036,1134624545,1347027004,2091812785,793902496,366778495,224796910,1081829979
MDB_S2_SPATIAL,S2,MDB_S2_SPATIAL,17,40031330,1098303956,796773246,146292030,123814377,2024268731,1643262427,1523019728
MDB_S2_SPATIAL,S2,MDB_S2_SPATIAL,18,1115747401,1886635577,1791338990,1990089366,135560540,1001458133,1973084348,76448422
MDB_S2_SPATIAL,S2,MDB_S2_SPATIAL,19,791761348,1533663649,2059701283,1426505468,1237926499,1425850677,1919382884,754000209
MDB_S2_SPATIAL,S2,MDB_S2_SPATIAL,20,785447995,1686095082,1574035687,391667906,833459352,10693952,181714597,989391967
MDB_S3_SHIFT,S3,MDB_S3_SHIFT,1,1977584792,1179887748,1539165798,1967079303,727620264,1232515860,1875114004,164703262
MDB_S3_SHIFT,S3,MDB_S3_SHIFT,2,1917926079,1441522302,1644220413,760940548,543232187,957184609,851031396,1261371613
MDB_S3_SHIFT,S3,MDB_S3_SHIFT,3,1805532467,290811173,669126472,317398686,601720402,1539194277,896379817,237183279
MDB_S3_SHIFT,S3,MDB_S3_SHIFT,4,648418823,1971701240,2081767266,958928931,72370532,841742791,1337788658,1818877215
MDB_S3_SHIFT,S3,MDB_S3_SHIFT,5,307644549,2112563517,367802121,480430578,1137981195,458229476,1197580490,458800917
MDB_S3_SHIFT,S3,MDB_S3_SHIFT,6,1172006213,585206361,1700342033,2030395660,120833404,1615645569,1185906689,1537125930
MDB_S3_SHIFT,S3,MDB_S3_SHIFT,7,1614289761,1993955401,227137466,800390055,202660741,1175353007,846463494,1251304346
MDB_S3_SHIFT,S3,MDB_S3_SHIFT,8,1926092829,1493711704,575047438,711960258,1847253304,490126598,1415503145,1882218438
MDB_S3_SHIFT,S3,MDB_S3_SHIFT,9,1863061777,1178451299,1301878813,2013991150,1018779894,1911239942,465063699,2103619167
MDB_S3_SHIFT,S3,MDB_S3_SHIFT,10,1461812753,1944276596,45102024,1154847282,1468352173,1905142860,1842270380,1936680545
MDB_S3_SHIFT,S3,MDB_S3_SHIFT,11,1963939298,1994646011,1319730570,1625359156,1342861051,1506589750,1368035204,1006529274
MDB_S3_SHIFT,S3,MDB_S3_SHIFT,12,499313998,326689395,1438152699,2119717032,177918606,1268541459,960013856,878717147
MDB_S3_SHIFT,S3,MDB_S3_SHIFT,13,1863992520,2075151430,967258800,726956559,295950570,1819379723,383879581,932400853
MDB_S3_SHIFT,S3,MDB_S3_SHIFT,14,1186456086,44766392,1256421674,353119405,1338775258,430897459,545528734,1442007346
MDB_S3_SHIFT,S3,MDB_S3_SHIFT,15,407838655,1017769866,410396988,1173150648,1799997224,1603625370,538549843,1205769784
MDB_S3_SHIFT,S3,MDB_S3_SHIFT,16,300061014,787083995,493593267,1479860995,1289803225,725244290,25558035,1439875659
MDB_S3_SHIFT,S3,MDB_S3_SHIFT,17,1574023570,794836552,1164949667,599375087,965714743,666881222,1759160523,1617159585
MDB_S3_SHIFT,S3,MDB_S3_SHIFT,18,232088668,124295505,888394083,16218319,1567084627,745792224,1432543570,562235888
MDB_S3_SHIFT,S3,MDB_S3_SHIFT,19,1438771724,1734734168,1967513571,1361706587,556878475,647535768,507875661,254938652
MDB_S3_SHIFT,S3,MDB_S3_SHIFT,20,1816632339,47944954,316640371,290530837,1416657299,1759717584,542917848,1459160759
MDB_S4_RHO000,S4,MDB_S4_COMMON,1,1112478865,281988191,464989797,1733688870,1022855165,89330186,1918879098,590443419
MDB_S4_RHO000,S4,MDB_S4_COMMON,2,889383118,1018526015,143508369,840317037,1149205208,610211704,2081527691,345606902
MDB_S4_RHO000,S4,MDB_S4_COMMON,3,1755361189,2003934316,1971227514,1833909,634724223,1795762286,1552351880,960631117
MDB_S4_RHO000,S4,MDB_S4_COMMON,4,1757464515,416153274,25197413,911960661,547325906,1449342147,579383424,1862421565
MDB_S4_RHO000,S4,MDB_S4_COMMON,5,2129319748,1684245105,723577486,1303252661,48917030,227087427,459883330,1834445937
MDB_S4_RHO000,S4,MDB_S4_COMMON,6,366030191,605322979,1776742280,1122832397,283121255,824458807,421485239,1573550902
MDB_S4_RHO000,S4,MDB_S4_COMMON,7,93158542,1132259260,1714327646,1679460162,2117595291,1084268455,2141298464,1340190298
MDB_S4_RHO000,S4,MDB_S4_COMMON,8,1591873124,1896185009,285630783,749343853,1067220100,1299299145,1158435383,522970683
MDB_S4_RHO000,S4,MDB_S4_COMMON,9,1818162743,2076249836,1615375930,1791372706,1025114612,702622976,1923253602,828635546
MDB_S4_RHO000,S4,MDB_S4_COMMON,10,1668559601,1413778678,951871198,31531692,1477806667,949717302,1785536879,7924497
MDB_S4_RHO000,S4,MDB_S4_COMMON,11,1888657656,775170471,1158654842,960346859,375511922,1471276707,1450947155,1268751725
MDB_S4_RHO000,S4,MDB_S4_COMMON,12,2060196490,329345026,675885292,1237851850,1125142087,667186072,457503474,1129969548
MDB_S4_RHO000,S4,MDB_S4_COMMON,13,1584391393,243322635,1533194649,354197761,781693280,2141586546,1536725201,1456397099
MDB_S4_RHO000,S4,MDB_S4_COMMON,14,1966959598,1551165060,794709909,1852362993,1482461941,11438375,928132648,1586571661
MDB_S4_RHO000,S4,MDB_S4_COMMON,15,1402572401,987459305,1495706974,1588260197,1081476236,309186372,809692616,1324751287
MDB_S4_RHO000,S4,MDB_S4_COMMON,16,1534250210,227887920,739343480,55537669,507217074,2005270578,1244625132,272110078
MDB_S4_RHO000,S4,MDB_S4_COMMON,17,552550374,1001597067,168012463,920472028,355824700,1159391321,640774342,640583251
MDB_S4_RHO000,S4,MDB_S4_COMMON,18,2020696608,95881400,598247691,1574977295,1533380994,872193215,1076180253,349626725
MDB_S4_RHO000,S4,MDB_S4_COMMON,19,2041886026,1008674316,1806984492,179408076,1548609483,1852968136,1405424740,608056547
MDB_S4_RHO000,S4,MDB_S4_COMMON,20,1901910089,270663426,1841391761,1790529253,234629820,1078768694,1038261451,231129796
MDB_S4_RHO020,S4,MDB_S4_COMMON,1,1112478865,281988191,464989797,1733688870,1022855165,89330186,1918879098,590443419
MDB_S4_RHO020,S4,MDB_S4_COMMON,2,889383118,1018526015,143508369,840317037,1149205208,610211704,2081527691,345606902
MDB_S4_RHO020,S4,MDB_S4_COMMON,3,1755361189,2003934316,1971227514,1833909,634724223,1795762286,1552351880,960631117
MDB_S4_RHO020,S4,MDB_S4_COMMON,4,1757464515,416153274,25197413,911960661,547325906,1449342147,579383424,1862421565
MDB_S4_RHO020,S4,MDB_S4_COMMON,5,2129319748,1684245105,723577486,1303252661,48917030,227087427,459883330,1834445937
MDB_S4_RHO020,S4,MDB_S4_COMMON,6,366030191,605322979,1776742280,1122832397,283121255,824458807,421485239,1573550902
MDB_S4_RHO020,S4,MDB_S4_COMMON,7,93158542,1132259260,1714327646,1679460162,2117595291,1084268455,2141298464,1340190298
MDB_S4_RHO020,S4,MDB_S4_COMMON,8,1591873124,1896185009,285630783,749343853,1067220100,1299299145,1158435383,522970683
MDB_S4_RHO020,S4,MDB_S4_COMMON,9,1818162743,2076249836,1615375930,1791372706,1025114612,702622976,1923253602,828635546
MDB_S4_RHO020,S4,MDB_S4_COMMON,10,1668559601,1413778678,951871198,31531692,1477806667,949717302,1785536879,7924497
MDB_S4_RHO020,S4,MDB_S4_COMMON,11,1888657656,775170471,1158654842,960346859,375511922,1471276707,1450947155,1268751725
MDB_S4_RHO020,S4,MDB_S4_COMMON,12,2060196490,329345026,675885292,1237851850,1125142087,667186072,457503474,1129969548
MDB_S4_RHO020,S4,MDB_S4_COMMON,13,1584391393,243322635,1533194649,354197761,781693280,2141586546,1536725201,1456397099
MDB_S4_RHO020,S4,MDB_S4_COMMON,14,1966959598,1551165060,794709909,1852362993,1482461941,11438375,928132648,1586571661
MDB_S4_RHO020,S4,MDB_S4_COMMON,15,1402572401,987459305,1495706974,1588260197,1081476236,309186372,809692616,1324751287
MDB_S4_RHO020,S4,MDB_S4_COMMON,16,1534250210,227887920,739343480,55537669,507217074,2005270578,1244625132,272110078
MDB_S4_RHO020,S4,MDB_S4_COMMON,17,552550374,1001597067,168012463,920472028,355824700,1159391321,640774342,640583251
MDB_S4_RHO020,S4,MDB_S4_COMMON,18,2020696608,95881400,598247691,1574977295,1533380994,872193215,1076180253,349626725
MDB_S4_RHO020,S4,MDB_S4_COMMON,19,2041886026,1008674316,1806984492,179408076,1548609483,1852968136,1405424740,608056547
MDB_S4_RHO020,S4,MDB_S4_COMMON,20,1901910089,270663426,1841391761,1790529253,234629820,1078768694,1038261451,231129796
MDB_S4_RHO040,S4,MDB_S4_COMMON,1,1112478865,281988191,464989797,1733688870,1022855165,89330186,1918879098,590443419
MDB_S4_RHO040,S4,MDB_S4_COMMON,2,889383118,1018526015,143508369,840317037,1149205208,610211704,2081527691,345606902
MDB_S4_RHO040,S4,MDB_S4_COMMON,3,1755361189,2003934316,1971227514,1833909,634724223,1795762286,1552351880,960631117
MDB_S4_RHO040,S4,MDB_S4_COMMON,4,1757464515,416153274,25197413,911960661,547325906,1449342147,579383424,1862421565
MDB_S4_RHO040,S4,MDB_S4_COMMON,5,2129319748,1684245105,723577486,1303252661,48917030,227087427,459883330,1834445937
MDB_S4_RHO040,S4,MDB_S4_COMMON,6,366030191,605322979,1776742280,1122832397,283121255,824458807,421485239,1573550902
MDB_S4_RHO040,S4,MDB_S4_COMMON,7,93158542,1132259260,1714327646,1679460162,2117595291,1084268455,2141298464,1340190298
MDB_S4_RHO040,S4,MDB_S4_COMMON,8,1591873124,1896185009,285630783,749343853,1067220100,1299299145,1158435383,522970683
MDB_S4_RHO040,S4,MDB_S4_COMMON,9,1818162743,2076249836,1615375930,1791372706,1025114612,702622976,1923253602,828635546
MDB_S4_RHO040,S4,MDB_S4_COMMON,10,1668559601,1413778678,951871198,31531692,1477806667,949717302,1785536879,7924497
MDB_S4_RHO040,S4,MDB_S4_COMMON,11,1888657656,775170471,1158654842,960346859,375511922,1471276707,1450947155,1268751725
MDB_S4_RHO040,S4,MDB_S4_COMMON,12,2060196490,329345026,675885292,1237851850,1125142087,667186072,457503474,1129969548
MDB_S4_RHO040,S4,MDB_S4_COMMON,13,1584391393,243322635,1533194649,354197761,781693280,2141586546,1536725201,1456397099
MDB_S4_RHO040,S4,MDB_S4_COMMON,14,1966959598,1551165060,794709909,1852362993,1482461941,11438375,928132648,1586571661
MDB_S4_RHO040,S4,MDB_S4_COMMON,15,1402572401,987459305,1495706974,1588260197,1081476236,309186372,809692616,1324751287
MDB_S4_RHO040,S4,MDB_S4_COMMON,16,1534250210,227887920,739343480,55537669,507217074,2005270578,1244625132,272110078
MDB_S4_RHO040,S4,MDB_S4_COMMON,17,552550374,1001597067,168012463,920472028,355824700,1159391321,640774342,640583251
MDB_S4_RHO040,S4,MDB_S4_COMMON,18,2020696608,95881400,598247691,1574977295,1533380994,872193215,1076180253,349626725
MDB_S4_RHO040,S4,MDB_S4_COMMON,19,2041886026,1008674316,1806984492,179408076,1548609483,1852968136,1405424740,608056547
MDB_S4_RHO040,S4,MDB_S4_COMMON,20,1901910089,270663426,1841391761,1790529253,234629820,1078768694,1038261451,231129796
MDB_S4_RHO060,S4,MDB_S4_COMMON,1,1112478865,281988191,464989797,1733688870,1022855165,89330186,1918879098,590443419
MDB_S4_RHO060,S4,MDB_S4_COMMON,2,889383118,1018526015,143508369,840317037,1149205208,610211704,2081527691,345606902
MDB_S4_RHO060,S4,MDB_S4_COMMON,3,1755361189,2003934316,1971227514,1833909,634724223,1795762286,1552351880,960631117
MDB_S4_RHO060,S4,MDB_S4_COMMON,4,1757464515,416153274,25197413,911960661,547325906,1449342147,579383424,1862421565
MDB_S4_RHO060,S4,MDB_S4_COMMON,5,2129319748,1684245105,723577486,1303252661,48917030,227087427,459883330,1834445937
MDB_S4_RHO060,S4,MDB_S4_COMMON,6,366030191,605322979,1776742280,1122832397,283121255,824458807,421485239,1573550902
MDB_S4_RHO060,S4,MDB_S4_COMMON,7,93158542,1132259260,1714327646,1679460162,2117595291,1084268455,2141298464,1340190298
MDB_S4_RHO060,S4,MDB_S4_COMMON,8,1591873124,1896185009,285630783,749343853,1067220100,1299299145,1158435383,522970683
MDB_S4_RHO060,S4,MDB_S4_COMMON,9,1818162743,2076249836,1615375930,1791372706,1025114612,702622976,1923253602,828635546
MDB_S4_RHO060,S4,MDB_S4_COMMON,10,1668559601,1413778678,951871198,31531692,1477806667,949717302,1785536879,7924497
MDB_S4_RHO060,S4,MDB_S4_COMMON,11,1888657656,775170471,1158654842,960346859,375511922,1471276707,1450947155,1268751725
MDB_S4_RHO060,S4,MDB_S4_COMMON,12,2060196490,329345026,675885292,1237851850,1125142087,667186072,457503474,1129969548
MDB_S4_RHO060,S4,MDB_S4_COMMON,13,1584391393,243322635,1533194649,354197761,781693280,2141586546,1536725201,1456397099
MDB_S4_RHO060,S4,MDB_S4_COMMON,14,1966959598,1551165060,794709909,1852362993,1482461941,11438375,928132648,1586571661
MDB_S4_RHO060,S4,MDB_S4_COMMON,15,1402572401,987459305,1495706974,1588260197,1081476236,309186372,809692616,1324751287
MDB_S4_RHO060,S4,MDB_S4_COMMON,16,1534250210,227887920,739343480,55537669,507217074,2005270578,1244625132,272110078
MDB_S4_RHO060,S4,MDB_S4_COMMON,17,552550374,1001597067,168012463,920472028,355824700,1159391321,640774342,640583251
MDB_S4_RHO060,S4,MDB_S4_COMMON,18,2020696608,95881400,598247691,1574977295,1533380994,872193215,1076180253,349626725
MDB_S4_RHO060,S4,MDB_S4_COMMON,19,2041886026,1008674316,1806984492,179408076,1548609483,1852968136,1405424740,608056547
MDB_S4_RHO060,S4,MDB_S4_COMMON,20,1901910089,270663426,1841391761,1790529253,234629820,1078768694,1038261451,231129796
MDB_S4_RHO080,S4,MDB_S4_COMMON,1,1112478865,281988191,464989797,1733688870,1022855165,89330186,1918879098,590443419
MDB_S4_RHO080,S4,MDB_S4_COMMON,2,889383118,1018526015,143508369,840317037,1149205208,610211704,2081527691,345606902
MDB_S4_RHO080,S4,MDB_S4_COMMON,3,1755361189,2003934316,1971227514,1833909,634724223,1795762286,1552351880,960631117
MDB_S4_RHO080,S4,MDB_S4_COMMON,4,1757464515,416153274,25197413,911960661,547325906,1449342147,579383424,1862421565
MDB_S4_RHO080,S4,MDB_S4_COMMON,5,2129319748,1684245105,723577486,1303252661,48917030,227087427,459883330,1834445937
MDB_S4_RHO080,S4,MDB_S4_COMMON,6,366030191,605322979,1776742280,1122832397,283121255,824458807,421485239,1573550902
MDB_S4_RHO080,S4,MDB_S4_COMMON,7,93158542,1132259260,1714327646,1679460162,2117595291,1084268455,2141298464,1340190298
MDB_S4_RHO080,S4,MDB_S4_COMMON,8,1591873124,1896185009,285630783,749343853,1067220100,1299299145,1158435383,522970683
MDB_S4_RHO080,S4,MDB_S4_COMMON,9,1818162743,2076249836,1615375930,1791372706,1025114612,702622976,1923253602,828635546
MDB_S4_RHO080,S4,MDB_S4_COMMON,10,1668559601,1413778678,951871198,31531692,1477806667,949717302,1785536879,7924497
MDB_S4_RHO080,S4,MDB_S4_COMMON,11,1888657656,775170471,1158654842,960346859,375511922,1471276707,1450947155,1268751725
MDB_S4_RHO080,S4,MDB_S4_COMMON,12,2060196490,329345026,675885292,1237851850,1125142087,667186072,457503474,1129969548
MDB_S4_RHO080,S4,MDB_S4_COMMON,13,1584391393,243322635,1533194649,354197761,781693280,2141586546,1536725201,1456397099
MDB_S4_RHO080,S4,MDB_S4_COMMON,14,1966959598,1551165060,794709909,1852362993,1482461941,11438375,928132648,1586571661
MDB_S4_RHO080,S4,MDB_S4_COMMON,15,1402572401,987459305,1495706974,1588260197,1081476236,309186372,809692616,1324751287
MDB_S4_RHO080,S4,MDB_S4_COMMON,16,1534250210,227887920,739343480,55537669,507217074,2005270578,1244625132,272110078
MDB_S4_RHO080,S4,MDB_S4_COMMON,17,552550374,1001597067,168012463,920472028,355824700,1159391321,640774342,640583251
MDB_S4_RHO080,S4,MDB_S4_COMMON,18,2020696608,95881400,598247691,1574977295,1533380994,872193215,1076180253,349626725
MDB_S4_RHO080,S4,MDB_S4_COMMON,19,2041886026,1008674316,1806984492,179408076,1548609483,1852968136,1405424740,608056547
MDB_S4_RHO080,S4,MDB_S4_COMMON,20,1901910089,270663426,1841391761,1790529253,234629820,1078768694,1038261451,231129796
MDB_S4_RHO060_NONGAUSSIAN,S4,MDB_S4_COMMON,1,1112478865,281988191,464989797,1733688870,1022855165,89330186,1918879098,590443419
MDB_S4_RHO060_NONGAUSSIAN,S4,MDB_S4_COMMON,2,889383118,1018526015,143508369,840317037,1149205208,610211704,2081527691,345606902
MDB_S4_RHO060_NONGAUSSIAN,S4,MDB_S4_COMMON,3,1755361189,2003934316,1971227514,1833909,634724223,1795762286,1552351880,960631117
MDB_S4_RHO060_NONGAUSSIAN,S4,MDB_S4_COMMON,4,1757464515,416153274,25197413,911960661,547325906,1449342147,579383424,1862421565
MDB_S4_RHO060_NONGAUSSIAN,S4,MDB_S4_COMMON,5,2129319748,1684245105,723577486,1303252661,48917030,227087427,459883330,1834445937
MDB_S4_RHO060_NONGAUSSIAN,S4,MDB_S4_COMMON,6,366030191,605322979,1776742280,1122832397,283121255,824458807,421485239,1573550902
MDB_S4_RHO060_NONGAUSSIAN,S4,MDB_S4_COMMON,7,93158542,1132259260,1714327646,1679460162,2117595291,1084268455,2141298464,1340190298
MDB_S4_RHO060_NONGAUSSIAN,S4,MDB_S4_COMMON,8,1591873124,1896185009,285630783,749343853,1067220100,1299299145,1158435383,522970683
MDB_S4_RHO060_NONGAUSSIAN,S4,MDB_S4_COMMON,9,1818162743,2076249836,1615375930,1791372706,1025114612,702622976,1923253602,828635546
MDB_S4_RHO060_NONGAUSSIAN,S4,MDB_S4_COMMON,10,1668559601,1413778678,951871198,31531692,1477806667,949717302,1785536879,7924497
MDB_S4_RHO060_NONGAUSSIAN,S4,MDB_S4_COMMON,11,1888657656,775170471,1158654842,960346859,375511922,1471276707,1450947155,1268751725
MDB_S4_RHO060_NONGAUSSIAN,S4,MDB_S4_COMMON,12,2060196490,329345026,675885292,1237851850,1125142087,667186072,457503474,1129969548
MDB_S4_RHO060_NONGAUSSIAN,S4,MDB_S4_COMMON,13,1584391393,243322635,1533194649,354197761,781693280,2141586546,1536725201,1456397099
MDB_S4_RHO060_NONGAUSSIAN,S4,MDB_S4_COMMON,14,1966959598,1551165060,794709909,1852362993,1482461941,11438375,928132648,1586571661
MDB_S4_RHO060_NONGAUSSIAN,S4,MDB_S4_COMMON,15,1402572401,987459305,1495706974,1588260197,1081476236,309186372,809692616,1324751287
MDB_S4_RHO060_NONGAUSSIAN,S4,MDB_S4_COMMON,16,1534250210,227887920,739343480,55537669,507217074,2005270578,1244625132,272110078
MDB_S4_RHO060_NONGAUSSIAN,S4,MDB_S4_COMMON,17,552550374,1001597067,168012463,920472028,355824700,1159391321,640774342,640583251
MDB_S4_RHO060_NONGAUSSIAN,S4,MDB_S4_COMMON,18,2020696608,95881400,598247691,1574977295,1533380994,872193215,1076180253,349626725
MDB_S4_RHO060_NONGAUSSIAN,S4,MDB_S4_COMMON,19,2041886026,1008674316,1806984492,179408076,1548609483,1852968136,1405424740,608056547
MDB_S4_RHO060_NONGAUSSIAN,S4,MDB_S4_COMMON,20,1901910089,270663426,1841391761,1790529253,234629820,1078768694,1038261451,231129796
MDB_S4_RHO060_DESIGN_SHIFT,S4,MDB_S4_COMMON,1,1112478865,281988191,464989797,1733688870,1022855165,89330186,1918879098,590443419
MDB_S4_RHO060_DESIGN_SHIFT,S4,MDB_S4_COMMON,2,889383118,1018526015,143508369,840317037,1149205208,610211704,2081527691,345606902
MDB_S4_RHO060_DESIGN_SHIFT,S4,MDB_S4_COMMON,3,1755361189,2003934316,1971227514,1833909,634724223,1795762286,1552351880,960631117
MDB_S4_RHO060_DESIGN_SHIFT,S4,MDB_S4_COMMON,4,1757464515,416153274,25197413,911960661,547325906,1449342147,579383424,1862421565
MDB_S4_RHO060_DESIGN_SHIFT,S4,MDB_S4_COMMON,5,2129319748,1684245105,723577486,1303252661,48917030,227087427,459883330,1834445937
MDB_S4_RHO060_DESIGN_SHIFT,S4,MDB_S4_COMMON,6,366030191,605322979,1776742280,1122832397,283121255,824458807,421485239,1573550902
MDB_S4_RHO060_DESIGN_SHIFT,S4,MDB_S4_COMMON,7,93158542,1132259260,1714327646,1679460162,2117595291,1084268455,2141298464,1340190298
MDB_S4_RHO060_DESIGN_SHIFT,S4,MDB_S4_COMMON,8,1591873124,1896185009,285630783,749343853,1067220100,1299299145,1158435383,522970683
MDB_S4_RHO060_DESIGN_SHIFT,S4,MDB_S4_COMMON,9,1818162743,2076249836,1615375930,1791372706,1025114612,702622976,1923253602,828635546
MDB_S4_RHO060_DESIGN_SHIFT,S4,MDB_S4_COMMON,10,1668559601,1413778678,951871198,31531692,1477806667,949717302,1785536879,7924497
MDB_S4_RHO060_DESIGN_SHIFT,S4,MDB_S4_COMMON,11,1888657656,775170471,1158654842,960346859,375511922,1471276707,1450947155,1268751725
MDB_S4_RHO060_DESIGN_SHIFT,S4,MDB_S4_COMMON,12,2060196490,329345026,675885292,1237851850,1125142087,667186072,457503474,1129969548
MDB_S4_RHO060_DESIGN_SHIFT,S4,MDB_S4_COMMON,13,1584391393,243322635,1533194649,354197761,781693280,2141586546,1536725201,1456397099
MDB_S4_RHO060_DESIGN_SHIFT,S4,MDB_S4_COMMON,14,1966959598,1551165060,794709909,1852362993,1482461941,11438375,928132648,1586571661
MDB_S4_RHO060_DESIGN_SHIFT,S4,MDB_S4_COMMON,15,1402572401,987459305,1495706974,1588260197,1081476236,309186372,809692616,1324751287
MDB_S4_RHO060_DESIGN_SHIFT,S4,MDB_S4_COMMON,16,1534250210,227887920,739343480,55537669,507217074,2005270578,1244625132,272110078
MDB_S4_RHO060_DESIGN_SHIFT,S4,MDB_S4_COMMON,17,552550374,1001597067,168012463,920472028,355824700,1159391321,640774342,640583251
MDB_S4_RHO060_DESIGN_SHIFT,S4,MDB_S4_COMMON,18,2020696608,95881400,598247691,1574977295,1533380994,872193215,1076180253,349626725
MDB_S4_RHO060_DESIGN_SHIFT,S4,MDB_S4_COMMON,19,2041886026,1008674316,1806984492,179408076,1548609483,1852968136,1405424740,608056547
MDB_S4_RHO060_DESIGN_SHIFT,S4,MDB_S4_COMMON,20,1901910089,270663426,1841391761,1790529253,234629820,1078768694,1038261451,231129796
MDB_S5_POOR_OVERLAP,S5,MDB_S5_POOR_OVERLAP,1,312672337,1794921746,1478517315,528762689,373030284,1317001823,767329274,1970273060
MDB_S5_POOR_OVERLAP,S5,MDB_S5_POOR_OVERLAP,2,634989249,1362957159,10732715,1566210202,668339354,1670995608,800791818,703389359
MDB_S5_POOR_OVERLAP,S5,MDB_S5_POOR_OVERLAP,3,198603542,281514491,1596390426,1855714104,1026388182,831419449,621916932,1676431475
MDB_S5_POOR_OVERLAP,S5,MDB_S5_POOR_OVERLAP,4,1354440705,1512807275,46195968,570532581,1279974673,1162865046,1610068297,907998038
MDB_S5_POOR_OVERLAP,S5,MDB_S5_POOR_OVERLAP,5,672240775,1360624598,1855429897,1465323671,543684952,1383115733,1122826393,559267005
MDB_S5_POOR_OVERLAP,S5,MDB_S5_POOR_OVERLAP,6,1336792877,1392109536,1337475071,1896207036,345216853,978778618,371149442,1307637379
MDB_S5_POOR_OVERLAP,S5,MDB_S5_POOR_OVERLAP,7,1005967770,67438731,1457395854,1738016013,1131716654,2112604434,1621446442,941678002
MDB_S5_POOR_OVERLAP,S5,MDB_S5_POOR_OVERLAP,8,1240605144,1507889732,660026497,1307334296,2035196750,219060361,1199628588,1275940314
MDB_S5_POOR_OVERLAP,S5,MDB_S5_POOR_OVERLAP,9,628566766,1883305220,1693994954,877560178,1381953526,1183528864,228339191,939765743
MDB_S5_POOR_OVERLAP,S5,MDB_S5_POOR_OVERLAP,10,1144082998,385157061,859815289,1170658729,807856259,2106733891,1530436163,715234543
MDB_S5_POOR_OVERLAP,S5,MDB_S5_POOR_OVERLAP,11,749180237,1943640318,121931054,104120092,601767943,1030475978,831357638,188310522
MDB_S5_POOR_OVERLAP,S5,MDB_S5_POOR_OVERLAP,12,64537895,1269310473,1564255417,2055511048,399602762,1326935023,1266410477,803265446
MDB_S5_POOR_OVERLAP,S5,MDB_S5_POOR_OVERLAP,13,140832746,1939863775,1336016092,1611247636,754027157,465181745,1410613249,876974918
MDB_S5_POOR_OVERLAP,S5,MDB_S5_POOR_OVERLAP,14,2078426794,883473006,391321775,1132550694,649041433,1163099643,2071951346,1738211058
MDB_S5_POOR_OVERLAP,S5,MDB_S5_POOR_OVERLAP,15,1234514130,1942304602,9717385,570751425,34940431,2047231330,527462386,1014120382
MDB_S5_POOR_OVERLAP,S5,MDB_S5_POOR_OVERLAP,16,1291470407,426733300,187094764,1939221239,2066677573,1018247826,156182238,761958317
MDB_S5_POOR_OVERLAP,S5,MDB_S5_POOR_OVERLAP,17,1230780505,1212498163,370594447,282228181,1701904787,717656023,541536063,1940036695
MDB_S5_POOR_OVERLAP,S5,MDB_S5_POOR_OVERLAP,18,294636000,2070703465,640797572,135385518,404419824,1400211601,1377249441,1196470705
MDB_S5_POOR_OVERLAP,S5,MDB_S5_POOR_OVERLAP,19,384929789,11636919,1068811624,281423094,909617466,715254589,1790902212,2045244199
MDB_S5_POOR_OVERLAP,S5,MDB_S5_POOR_OVERLAP,20,1081893717,1768243921,78113677,1053337614,450985426,693037279,399677822,1130291830
MDB_S6_ROOK,S6,MDB_S6_COMMON,1,1461766694,454563717,1535475281,1716595488,1757001640,1863166869,1519722973,393082695
MDB_S6_ROOK,S6,MDB_S6_COMMON,2,138277404,503834600,1616035966,1954183676,1484565760,477592682,1446844935,720577726
MDB_S6_ROOK,S6,MDB_S6_COMMON,3,2029494289,1429528276,1382608271,1274410918,295524114,1362422852,1469780054,671981305
MDB_S6_ROOK,S6,MDB_S6_COMMON,4,977028046,677136723,699069769,1958673666,534480908,1796930599,1130736159,124075518
MDB_S6_ROOK,S6,MDB_S6_COMMON,5,1047233352,853509586,1566844976,979524464,135549148,1540603012,286538710,2095036798
MDB_S6_ROOK,S6,MDB_S6_COMMON,6,647674808,1430269447,411625978,14587274,224580443,225729975,1861097351,1106217056
MDB_S6_ROOK,S6,MDB_S6_COMMON,7,483412544,127821954,188064125,853805940,24750339,13659951,2031475080,542006560
MDB_S6_ROOK,S6,MDB_S6_COMMON,8,696587502,1260224238,1910646363,1987156598,1267260759,943451080,1268325886,1353313896
MDB_S6_ROOK,S6,MDB_S6_COMMON,9,843609424,974447054,1373755267,1441764579,168415089,214392273,1980065791,734519467
MDB_S6_ROOK,S6,MDB_S6_COMMON,10,1008472127,206691016,223044389,1527349229,455792657,2031377478,626066565,262635822
MDB_S6_ROOK,S6,MDB_S6_COMMON,11,1671698722,1899580770,2055811395,1577134098,1912639586,1565492911,1299758322,1113264032
MDB_S6_ROOK,S6,MDB_S6_COMMON,12,1672120217,1969933427,931778645,80099476,74807838,850073867,179947024,69060920
MDB_S6_ROOK,S6,MDB_S6_COMMON,13,139729493,632191619,2078728310,1467746744,2065051530,1461602813,1856107668,1213942616
MDB_S6_ROOK,S6,MDB_S6_COMMON,14,1766424408,532354236,2103376567,2065580844,1825197800,766351490,826732124,848166221
MDB_S6_ROOK,S6,MDB_S6_COMMON,15,1295350249,919094525,90032614,1016095263,1851371399,1713123643,1192890802,604132999
MDB_S6_ROOK,S6,MDB_S6_COMMON,16,1185997051,1239665737,297490552,2102694133,805443065,1364082850,1618178970,1508182904
MDB_S6_ROOK,S6,MDB_S6_COMMON,17,81603410,709584965,763871703,1164355404,783038864,1492783321,418803026,623256341
MDB_S6_ROOK,S6,MDB_S6_COMMON,18,1620595690,534360474,249554955,1496712413,960176449,114348034,173301661,1318499168
MDB_S6_ROOK,S6,MDB_S6_COMMON,19,1578853952,158065852,2132326640,582554110,1944580010,1807857991,555985955,1162681349
MDB_S6_ROOK,S6,MDB_S6_COMMON,20,417856677,1003809384,1888302239,1540712415,2011673176,1474493647,22363529,2142614219
MDB_S6_OMIT50,S6,MDB_S6_COMMON,1,1461766694,454563717,1535475281,1716595488,1757001640,1863166869,1519722973,393082695
MDB_S6_OMIT50,S6,MDB_S6_COMMON,2,138277404,503834600,1616035966,1954183676,1484565760,477592682,1446844935,720577726
MDB_S6_OMIT50,S6,MDB_S6_COMMON,3,2029494289,1429528276,1382608271,1274410918,295524114,1362422852,1469780054,671981305
MDB_S6_OMIT50,S6,MDB_S6_COMMON,4,977028046,677136723,699069769,1958673666,534480908,1796930599,1130736159,124075518
MDB_S6_OMIT50,S6,MDB_S6_COMMON,5,1047233352,853509586,1566844976,979524464,135549148,1540603012,286538710,2095036798
MDB_S6_OMIT50,S6,MDB_S6_COMMON,6,647674808,1430269447,411625978,14587274,224580443,225729975,1861097351,1106217056
MDB_S6_OMIT50,S6,MDB_S6_COMMON,7,483412544,127821954,188064125,853805940,24750339,13659951,2031475080,542006560
MDB_S6_OMIT50,S6,MDB_S6_COMMON,8,696587502,1260224238,1910646363,1987156598,1267260759,943451080,1268325886,1353313896
MDB_S6_OMIT50,S6,MDB_S6_COMMON,9,843609424,974447054,1373755267,1441764579,168415089,214392273,1980065791,734519467
MDB_S6_OMIT50,S6,MDB_S6_COMMON,10,1008472127,206691016,223044389,1527349229,455792657,2031377478,626066565,262635822
MDB_S6_OMIT50,S6,MDB_S6_COMMON,11,1671698722,1899580770,2055811395,1577134098,1912639586,1565492911,1299758322,1113264032
MDB_S6_OMIT50,S6,MDB_S6_COMMON,12,1672120217,1969933427,931778645,80099476,74807838,850073867,179947024,69060920
MDB_S6_OMIT50,S6,MDB_S6_COMMON,13,139729493,632191619,2078728310,1467746744,2065051530,1461602813,1856107668,1213942616
MDB_S6_OMIT50,S6,MDB_S6_COMMON,14,1766424408,532354236,2103376567,2065580844,1825197800,766351490,826732124,848166221
MDB_S6_OMIT50,S6,MDB_S6_COMMON,15,1295350249,919094525,90032614,1016095263,1851371399,1713123643,1192890802,604132999
MDB_S6_OMIT50,S6,MDB_S6_COMMON,16,1185997051,1239665737,297490552,2102694133,805443065,1364082850,1618178970,1508182904
MDB_S6_OMIT50,S6,MDB_S6_COMMON,17,81603410,709584965,763871703,1164355404,783038864,1492783321,418803026,623256341
MDB_S6_OMIT50,S6,MDB_S6_COMMON,18,1620595690,534360474,249554955,1496712413,960176449,114348034,173301661,1318499168
MDB_S6_OMIT50,S6,MDB_S6_COMMON,19,1578853952,158065852,2132326640,582554110,1944580010,1807857991,555985955,1162681349
MDB_S6_OMIT50,S6,MDB_S6_COMMON,20,417856677,1003809384,1888302239,1540712415,2011673176,1474493647,22363529,2142614219
MDB_S7_EXCHANGEABLE,S7,MDB_S7_EXCHANGEABLE,1,557682156,1940817027,1890867610,263742723,1848284909,319620252,785328704,1971667771
MDB_S7_EXCHANGEABLE,S7,MDB_S7_EXCHANGEABLE,2,1480448575,677865156,1252833707,1612438300,487377947,781524254,924711082,555594062
MDB_S7_EXCHANGEABLE,S7,MDB_S7_EXCHANGEABLE,3,1802060095,449149530,547506133,748443397,862643952,2049031842,2047417055,1410084057
MDB_S7_EXCHANGEABLE,S7,MDB_S7_EXCHANGEABLE,4,722890623,145109391,57862221,548109939,649847262,41110983,85818848,511555721
MDB_S7_EXCHANGEABLE,S7,MDB_S7_EXCHANGEABLE,5,525967627,907094453,2142443817,1091921946,1288992654,1608661718,2087521636,1572588637
MDB_S7_EXCHANGEABLE,S7,MDB_S7_EXCHANGEABLE,6,344039701,444278835,115529579,1088060880,626410749,548137832,1276090296,795520600
MDB_S7_EXCHANGEABLE,S7,MDB_S7_EXCHANGEABLE,7,608833108,695032534,148452189,2047109948,1331665666,1180509738,282562545,616943668
MDB_S7_EXCHANGEABLE,S7,MDB_S7_EXCHANGEABLE,8,2035373370,1120262452,1319492789,387574497,1537798393,1110686813,24699065,1320424916
MDB_S7_EXCHANGEABLE,S7,MDB_S7_EXCHANGEABLE,9,775656416,984360768,1043133285,1383511038,114752928,330136269,515845019,1692664284
MDB_S7_EXCHANGEABLE,S7,MDB_S7_EXCHANGEABLE,10,1779830796,1461308905,1228776253,921411406,1097638399,1100073222,252173487,639986004
MDB_S7_EXCHANGEABLE,S7,MDB_S7_EXCHANGEABLE,11,2133267072,2078044306,1976291944,1835820199,192785304,630479140,1429503065,28578905
MDB_S7_EXCHANGEABLE,S7,MDB_S7_EXCHANGEABLE,12,2543863,2042418762,1268711945,1949163085,1429704938,1062422754,1519916506,1498590603
MDB_S7_EXCHANGEABLE,S7,MDB_S7_EXCHANGEABLE,13,807537944,853560569,412788999,127520775,1950508966,1400398810,1708261794,148173410
MDB_S7_EXCHANGEABLE,S7,MDB_S7_EXCHANGEABLE,14,1402849738,589196177,1552167116,1588890674,1735028436,2123436526,370893245,1470656854
MDB_S7_EXCHANGEABLE,S7,MDB_S7_EXCHANGEABLE,15,1609420018,1930528622,2131706287,278374459,1667761131,1385772748,1301281269,1378024713
MDB_S7_EXCHANGEABLE,S7,MDB_S7_EXCHANGEABLE,16,955666424,2112141013,1658186415,1730578024,1259419963,381985014,133915583,2081852592
MDB_S7_EXCHANGEABLE,S7,MDB_S7_EXCHANGEABLE,17,2001944462,1854869984,1340091564,322210512,1820333195,680269486,1776484409,1993765912
MDB_S7_EXCHANGEABLE,S7,MDB_S7_EXCHANGEABLE,18,26924933,1197653150,1675383684,2047970285,667831040,1095768669,1889163707,1356280952
MDB_S7_EXCHANGEABLE,S7,MDB_S7_EXCHANGEABLE,19,466237202,1735982458,1092921306,2141543001,860215135,2067243980,2094120055,1443546552
MDB_S7_EXCHANGEABLE,S7,MDB_S7_EXCHANGEABLE,20,714236849,1159375471,1696804177,1499006997,804275145,1525122866,767064537,797271386
MDB_S8_SEVERE_TAIL,S8,MDB_S8_SEVERE_TAIL,1,1665487551,734365865,346413831,61566935,2107883781,179076100,1051496975,597881847
MDB_S8_SEVERE_TAIL,S8,MDB_S8_SEVERE_TAIL,2,1965796248,1226660425,1221174029,1219153265,2030380605,1707078784,1524131571,2098270485
MDB_S8_SEVERE_TAIL,S8,MDB_S8_SEVERE_TAIL,3,211232585,294846954,1449522216,34302043,470056954,1815374879,2144030269,1892002572
MDB_S8_SEVERE_TAIL,S8,MDB_S8_SEVERE_TAIL,4,1198209130,938212096,457041343,1415231922,1228000639,708125936,50923074,1860909492
MDB_S8_SEVERE_TAIL,S8,MDB_S8_SEVERE_TAIL,5,1166584774,1290431933,111279485,272695764,1541436354,1421154269,189377965,212986192
MDB_S8_SEVERE_TAIL,S8,MDB_S8_SEVERE_TAIL,6,2102870780,1003619532,1450242250,1245754710,937955008,591584517,2018559211,234078156
MDB_S8_SEVERE_TAIL,S8,MDB_S8_SEVERE_TAIL,7,773650479,1061691402,1476282313,2090835577,1251845031,652456642,204693967,1721000599
MDB_S8_SEVERE_TAIL,S8,MDB_S8_SEVERE_TAIL,8,417703237,999021698,1095262458,1670748910,615768121,1906192882,172716760,1826490515
MDB_S8_SEVERE_TAIL,S8,MDB_S8_SEVERE_TAIL,9,1544191010,929550919,2091548754,1295971369,603710716,1472073427,1928781090,600495697
MDB_S8_SEVERE_TAIL,S8,MDB_S8_SEVERE_TAIL,10,762692509,624915020,1071883259,1112422465,93010322,92265042,1926793074,1846593288
MDB_S8_SEVERE_TAIL,S8,MDB_S8_SEVERE_TAIL,11,910303749,1361080357,1503579772,1979046995,363201471,662442870,1393288719,204714575
MDB_S8_SEVERE_TAIL,S8,MDB_S8_SEVERE_TAIL,12,927712929,1177733413,806587635,334200021,2004049550,1275030632,367549923,1559184224
MDB_S8_SEVERE_TAIL,S8,MDB_S8_SEVERE_TAIL,13,288662775,1802671192,527322402,1611376033,803892983,1708941435,1824835977,462251523
MDB_S8_SEVERE_TAIL,S8,MDB_S8_SEVERE_TAIL,14,1081950956,1836309129,713034936,2129683359,1792782984,531861533,1612323922,1527556782
MDB_S8_SEVERE_TAIL,S8,MDB_S8_SEVERE_TAIL,15,287176141,370593389,1750104974,1631322588,1977374863,15591348,276460898,1946263811
MDB_S8_SEVERE_TAIL,S8,MDB_S8_SEVERE_TAIL,16,1797371566,2096586375,1462751323,1131228417,1309935725,1130410474,1492901062,1553377271
MDB_S8_SEVERE_TAIL,S8,MDB_S8_SEVERE_TAIL,17,584695858,213282829,920685930,1950483286,532442815,91404294,1456457641,1799387253
MDB_S8_SEVERE_TAIL,S8,MDB_S8_SEVERE_TAIL,18,497942103,488940924,1888444975,1659018804,692526303,211004009,1371591483,2141615942
MDB_S8_SEVERE_TAIL,S8,MDB_S8_SEVERE_TAIL,19,1846866357,1977317373,2025194655,1153296383,1865309216,559924591,852174978,388250824
MDB_S8_SEVERE_TAIL,S8,MDB_S8_SEVERE_TAIL,20,1485301100,871126744,1402342925,983910677,2070697732,1865526614,198815519,1055528053
MDB_S8_SMALL_CAL,S8,MDB_S8_SMALL_CAL,1,236094911,931136609,675643872,1059972505,1581336114,229196943,566561134,1836389964
MDB_S8_SMALL_CAL,S8,MDB_S8_SMALL_CAL,2,711378348,812481636,379755322,1711611958,1607390335,865373202,517587724,2039192829
MDB_S8_SMALL_CAL,S8,MDB_S8_SMALL_CAL,3,2096134075,397829281,900781529,342744518,2081948524,164915247,1273970344,793471545
MDB_S8_SMALL_CAL,S8,MDB_S8_SMALL_CAL,4,109381898,206755151,2048758336,52041086,1514217520,823946064,935753539,495616629
MDB_S8_SMALL_CAL,S8,MDB_S8_SMALL_CAL,5,75447611,1232547991,429488466,244100399,1382294381,152545502,441410063,720209601
MDB_S8_SMALL_CAL,S8,MDB_S8_SMALL_CAL,6,362212530,402914694,184912076,1902478364,828018980,1113375021,1619604089,1463905571
MDB_S8_SMALL_CAL,S8,MDB_S8_SMALL_CAL,7,1703915870,842730123,1231870547,39181044,34692560,1930838157,184442025,1474653516
MDB_S8_SMALL_CAL,S8,MDB_S8_SMALL_CAL,8,735403837,303723870,204654706,539107667,1171344615,1795920634,1549982665,1836480278
MDB_S8_SMALL_CAL,S8,MDB_S8_SMALL_CAL,9,854738263,775189776,493052077,203396514,1848036073,1679398329,1733431368,809259658
MDB_S8_SMALL_CAL,S8,MDB_S8_SMALL_CAL,10,821347941,984509749,297910463,1443996333,746115722,183621657,735914334,1864135652
MDB_S8_SMALL_CAL,S8,MDB_S8_SMALL_CAL,11,1562392607,1820427431,1443478664,1538938907,1941237291,503114994,122853943,382591974
MDB_S8_SMALL_CAL,S8,MDB_S8_SMALL_CAL,12,1346991877,350643586,50438559,583086470,847433563,664551777,106862170,1739768061
MDB_S8_SMALL_CAL,S8,MDB_S8_SMALL_CAL,13,1863926960,758683180,1559470851,1048837100,85448193,1264070521,1245399308,1083408363
MDB_S8_SMALL_CAL,S8,MDB_S8_SMALL_CAL,14,499206973,13361926,1557806295,1790665281,1472498888,1482224507,427895716,845986780
MDB_S8_SMALL_CAL,S8,MDB_S8_SMALL_CAL,15,2126861576,737522002,1405206518,1609169240,578593040,1338235616,367950085,942281036
MDB_S8_SMALL_CAL,S8,MDB_S8_SMALL_CAL,16,1965553547,1167856895,1131746008,1306971878,1038011622,497204790,312898185,1129809566
MDB_S8_SMALL_CAL,S8,MDB_S8_SMALL_CAL,17,527734885,1185775257,356014382,1358755482,1868191633,1906432998,381689501,1284150276
MDB_S8_SMALL_CAL,S8,MDB_S8_SMALL_CAL,18,1089091341,705311359,1353080266,1523503303,525754761,115053722,914820776,893906308
MDB_S8_SMALL_CAL,S8,MDB_S8_SMALL_CAL,19,979389668,835985194,153502374,1448952950,1920107106,1259433139,1867123474,1459191264
MDB_S8_SMALL_CAL,S8,MDB_S8_SMALL_CAL,20,968061209,1278784276,889510927,906889134,1560220826,1240107047,380797590,1115894328
MDB_S9_RANDOM,S9,MDB_S9_COMMON,1,1233383380,165160513,1986666431,998940230,141634458,1032311,379445507,2116200913
MDB_S9_RANDOM,S9,MDB_S9_COMMON,2,1148371727,1559540121,1897686838,477423691,902266765,940603861,1675823061,1390134430
MDB_S9_RANDOM,S9,MDB_S9_COMMON,3,1264611774,853196714,1749222625,2014271169,133089756,784872726,839270848,1463692533
MDB_S9_RANDOM,S9,MDB_S9_COMMON,4,505252228,1174279370,994057357,480793393,1898316136,3147630,1455315090,703719994
MDB_S9_RANDOM,S9,MDB_S9_COMMON,5,1040156466,1711918285,2105710450,1490582898,896181212,1458442729,454129991,892226780
MDB_S9_RANDOM,S9,MDB_S9_COMMON,6,876597083,791582569,29637759,998891851,1083663226,1597513029,1519514988,1663479482
MDB_S9_RANDOM,S9,MDB_S9_COMMON,7,535888490,1150790731,49065580,1103174890,1547371112,809628078,1573051353,831598520
MDB_S9_RANDOM,S9,MDB_S9_COMMON,8,66620682,519531351,1699521904,1603082837,907694403,291266356,528588585,425359706
MDB_S9_RANDOM,S9,MDB_S9_COMMON,9,1997756681,2012777326,647521725,1494102224,822043612,418762475,1939200351,550457549
MDB_S9_RANDOM,S9,MDB_S9_COMMON,10,1181914121,104362081,102417436,1811692345,1664685414,425341133,827204194,1107829707
MDB_S9_RANDOM,S9,MDB_S9_COMMON,11,409240798,674148211,1468620428,408176692,1900219195,2134138197,450983043,242649524
MDB_S9_RANDOM,S9,MDB_S9_COMMON,12,2104317057,387801305,1211317636,1792337897,653462594,1600093329,72716302,1738240826
MDB_S9_RANDOM,S9,MDB_S9_COMMON,13,1175552589,1654879590,2079608896,1742676154,994699423,1910111829,519829083,953945654
MDB_S9_RANDOM,S9,MDB_S9_COMMON,14,216902140,327693952,1756144927,274106263,1534878631,1517648616,1328745260,1731064556
MDB_S9_RANDOM,S9,MDB_S9_COMMON,15,1546467379,1440216621,2104033852,1517464690,2063763552,1494789900,782721532,188893106
MDB_S9_RANDOM,S9,MDB_S9_COMMON,16,1109991137,492656987,1009515173,368194336,244352233,2069973704,747706603,697974439
MDB_S9_RANDOM,S9,MDB_S9_COMMON,17,833502893,2084853878,1819002625,1756973474,1617441598,1729198174,589871154,2025763345
MDB_S9_RANDOM,S9,MDB_S9_COMMON,18,1192080403,873405038,994794415,1222491281,712380261,2096200975,1507695457,883058734
MDB_S9_RANDOM,S9,MDB_S9_COMMON,19,1362699347,1168699464,1348514357,575747501,824872549,2011421548,1554517260,1205940423
MDB_S9_RANDOM,S9,MDB_S9_COMMON,20,1430083759,57872359,652941827,1656486311,915864760,1617270599,1905441231,1605262457
MDB_S9_TREATMENT05,S9,MDB_S9_COMMON,1,1233383380,165160513,1986666431,998940230,141634458,1032311,379445507,2116200913
MDB_S9_TREATMENT05,S9,MDB_S9_COMMON,2,1148371727,1559540121,1897686838,477423691,902266765,940603861,1675823061,1390134430
MDB_S9_TREATMENT05,S9,MDB_S9_COMMON,3,1264611774,853196714,1749222625,2014271169,133089756,784872726,839270848,1463692533
MDB_S9_TREATMENT05,S9,MDB_S9_COMMON,4,505252228,1174279370,994057357,480793393,1898316136,3147630,1455315090,703719994
MDB_S9_TREATMENT05,S9,MDB_S9_COMMON,5,1040156466,1711918285,2105710450,1490582898,896181212,1458442729,454129991,892226780
MDB_S9_TREATMENT05,S9,MDB_S9_COMMON,6,876597083,791582569,29637759,998891851,1083663226,1597513029,1519514988,1663479482
MDB_S9_TREATMENT05,S9,MDB_S9_COMMON,7,535888490,1150790731,49065580,1103174890,1547371112,809628078,1573051353,831598520
MDB_S9_TREATMENT05,S9,MDB_S9_COMMON,8,66620682,519531351,1699521904,1603082837,907694403,291266356,528588585,425359706
MDB_S9_TREATMENT05,S9,MDB_S9_COMMON,9,1997756681,2012777326,647521725,1494102224,822043612,418762475,1939200351,550457549
MDB_S9_TREATMENT05,S9,MDB_S9_COMMON,10,1181914121,104362081,102417436,1811692345,1664685414,425341133,827204194,1107829707
MDB_S9_TREATMENT05,S9,MDB_S9_COMMON,11,409240798,674148211,1468620428,408176692,1900219195,2134138197,450983043,242649524
MDB_S9_TREATMENT05,S9,MDB_S9_COMMON,12,2104317057,387801305,1211317636,1792337897,653462594,1600093329,72716302,1738240826
MDB_S9_TREATMENT05,S9,MDB_S9_COMMON,13,1175552589,1654879590,2079608896,1742676154,994699423,1910111829,519829083,953945654
MDB_S9_TREATMENT05,S9,MDB_S9_COMMON,14,216902140,327693952,1756144927,274106263,1534878631,1517648616,1328745260,1731064556
MDB_S9_TREATMENT05,S9,MDB_S9_COMMON,15,1546467379,1440216621,2104033852,1517464690,2063763552,1494789900,782721532,188893106
MDB_S9_TREATMENT05,S9,MDB_S9_COMMON,16,1109991137,492656987,1009515173,368194336,244352233,2069973704,747706603,697974439
MDB_S9_TREATMENT05,S9,MDB_S9_COMMON,17,833502893,2084853878,1819002625,1756973474,1617441598,1729198174,589871154,2025763345
MDB_S9_TREATMENT05,S9,MDB_S9_COMMON,18,1192080403,873405038,994794415,1222491281,712380261,2096200975,1507695457,883058734
MDB_S9_TREATMENT05,S9,MDB_S9_COMMON,19,1362699347,1168699464,1348514357,575747501,824872549,2011421548,1554517260,1205940423
MDB_S9_TREATMENT05,S9,MDB_S9_COMMON,20,1430083759,57872359,652941827,1656486311,915864760,1617270599,1905441231,1605262457
MDB_S9_TREATMENT10,S9,MDB_S9_COMMON,1,1233383380,165160513,1986666431,998940230,141634458,1032311,379445507,2116200913
MDB_S9_TREATMENT10,S9,MDB_S9_COMMON,2,1148371727,1559540121,1897686838,477423691,902266765,940603861,1675823061,1390134430
MDB_S9_TREATMENT10,S9,MDB_S9_COMMON,3,1264611774,853196714,1749222625,2014271169,133089756,784872726,839270848,1463692533
MDB_S9_TREATMENT10,S9,MDB_S9_COMMON,4,505252228,1174279370,994057357,480793393,1898316136,3147630,1455315090,703719994
MDB_S9_TREATMENT10,S9,MDB_S9_COMMON,5,1040156466,1711918285,2105710450,1490582898,896181212,1458442729,454129991,892226780
MDB_S9_TREATMENT10,S9,MDB_S9_COMMON,6,876597083,791582569,29637759,998891851,1083663226,1597513029,1519514988,1663479482
MDB_S9_TREATMENT10,S9,MDB_S9_COMMON,7,535888490,1150790731,49065580,1103174890,1547371112,809628078,1573051353,831598520
MDB_S9_TREATMENT10,S9,MDB_S9_COMMON,8,66620682,519531351,1699521904,1603082837,907694403,291266356,528588585,425359706
MDB_S9_TREATMENT10,S9,MDB_S9_COMMON,9,1997756681,2012777326,647521725,1494102224,822043612,418762475,1939200351,550457549
MDB_S9_TREATMENT10,S9,MDB_S9_COMMON,10,1181914121,104362081,102417436,1811692345,1664685414,425341133,827204194,1107829707
MDB_S9_TREATMENT10,S9,MDB_S9_COMMON,11,409240798,674148211,1468620428,408176692,1900219195,2134138197,450983043,242649524
MDB_S9_TREATMENT10,S9,MDB_S9_COMMON,12,2104317057,387801305,1211317636,1792337897,653462594,1600093329,72716302,1738240826
MDB_S9_TREATMENT10,S9,MDB_S9_COMMON,13,1175552589,1654879590,2079608896,1742676154,994699423,1910111829,519829083,953945654
MDB_S9_TREATMENT10,S9,MDB_S9_COMMON,14,216902140,327693952,1756144927,274106263,1534878631,1517648616,1328745260,1731064556
MDB_S9_TREATMENT10,S9,MDB_S9_COMMON,15,1546467379,1440216621,2104033852,1517464690,2063763552,1494789900,782721532,188893106
MDB_S9_TREATMENT10,S9,MDB_S9_COMMON,16,1109991137,492656987,1009515173,368194336,244352233,2069973704,747706603,697974439
MDB_S9_TREATMENT10,S9,MDB_S9_COMMON,17,833502893,2084853878,1819002625,1756973474,1617441598,1729198174,589871154,2025763345
MDB_S9_TREATMENT10,S9,MDB_S9_COMMON,18,1192080403,873405038,994794415,1222491281,712380261,2096200975,1507695457,883058734
MDB_S9_TREATMENT10,S9,MDB_S9_COMMON,19,1362699347,1168699464,1348514357,575747501,824872549,2011421548,1554517260,1205940423
MDB_S9_TREATMENT10,S9,MDB_S9_COMMON,20,1430083759,57872359,652941827,1656486311,915864760,1617270599,1905441231,1605262457
MDB_S9_SUBSTRATE,S9,MDB_S9_COMMON,1,1233383380,165160513,1986666431,998940230,141634458,1032311,379445507,2116200913
MDB_S9_SUBSTRATE,S9,MDB_S9_COMMON,2,1148371727,1559540121,1897686838,477423691,902266765,940603861,1675823061,1390134430
MDB_S9_SUBSTRATE,S9,MDB_S9_COMMON,3,1264611774,853196714,1749222625,2014271169,133089756,784872726,839270848,1463692533
MDB_S9_SUBSTRATE,S9,MDB_S9_COMMON,4,505252228,1174279370,994057357,480793393,1898316136,3147630,1455315090,703719994
MDB_S9_SUBSTRATE,S9,MDB_S9_COMMON,5,1040156466,1711918285,2105710450,1490582898,896181212,1458442729,454129991,892226780
MDB_S9_SUBSTRATE,S9,MDB_S9_COMMON,6,876597083,791582569,29637759,998891851,1083663226,1597513029,1519514988,1663479482
MDB_S9_SUBSTRATE,S9,MDB_S9_COMMON,7,535888490,1150790731,49065580,1103174890,1547371112,809628078,1573051353,831598520
MDB_S9_SUBSTRATE,S9,MDB_S9_COMMON,8,66620682,519531351,1699521904,1603082837,907694403,291266356,528588585,425359706
MDB_S9_SUBSTRATE,S9,MDB_S9_COMMON,9,1997756681,2012777326,647521725,1494102224,822043612,418762475,1939200351,550457549
MDB_S9_SUBSTRATE,S9,MDB_S9_COMMON,10,1181914121,104362081,102417436,1811692345,1664685414,425341133,827204194,1107829707
MDB_S9_SUBSTRATE,S9,MDB_S9_COMMON,11,409240798,674148211,1468620428,408176692,1900219195,2134138197,450983043,242649524
MDB_S9_SUBSTRATE,S9,MDB_S9_COMMON,12,2104317057,387801305,1211317636,1792337897,653462594,1600093329,72716302,1738240826
MDB_S9_SUBSTRATE,S9,MDB_S9_COMMON,13,1175552589,1654879590,2079608896,1742676154,994699423,1910111829,519829083,953945654
MDB_S9_SUBSTRATE,S9,MDB_S9_COMMON,14,216902140,327693952,1756144927,274106263,1534878631,1517648616,1328745260,1731064556
MDB_S9_SUBSTRATE,S9,MDB_S9_COMMON,15,1546467379,1440216621,2104033852,1517464690,2063763552,1494789900,782721532,188893106
MDB_S9_SUBSTRATE,S9,MDB_S9_COMMON,16,1109991137,492656987,1009515173,368194336,244352233,2069973704,747706603,697974439
MDB_S9_SUBSTRATE,S9,MDB_S9_COMMON,17,833502893,2084853878,1819002625,1756973474,1617441598,1729198174,589871154,2025763345
MDB_S9_SUBSTRATE,S9,MDB_S9_COMMON,18,1192080403,873405038,994794415,1222491281,712380261,2096200975,1507695457,883058734
MDB_S9_SUBSTRATE,S9,MDB_S9_COMMON,19,1362699347,1168699464,1348514357,575747501,824872549,2011421548,1554517260,1205940423
MDB_S9_SUBSTRATE,S9,MDB_S9_COMMON,20,1430083759,57872359,652941827,1656486311,915864760,1617270599,1905441231,1605262457
MDB_S9_COMBINED05,S9,MDB_S9_COMMON,1,1233383380,165160513,1986666431,998940230,141634458,1032311,379445507,2116200913
MDB_S9_COMBINED05,S9,MDB_S9_COMMON,2,1148371727,1559540121,1897686838,477423691,902266765,940603861,1675823061,1390134430
MDB_S9_COMBINED05,S9,MDB_S9_COMMON,3,1264611774,853196714,1749222625,2014271169,133089756,784872726,839270848,1463692533
MDB_S9_COMBINED05,S9,MDB_S9_COMMON,4,505252228,1174279370,994057357,480793393,1898316136,3147630,1455315090,703719994
MDB_S9_COMBINED05,S9,MDB_S9_COMMON,5,1040156466,1711918285,2105710450,1490582898,896181212,1458442729,454129991,892226780
MDB_S9_COMBINED05,S9,MDB_S9_COMMON,6,876597083,791582569,29637759,998891851,1083663226,1597513029,1519514988,1663479482
MDB_S9_COMBINED05,S9,MDB_S9_COMMON,7,535888490,1150790731,49065580,1103174890,1547371112,809628078,1573051353,831598520
MDB_S9_COMBINED05,S9,MDB_S9_COMMON,8,66620682,519531351,1699521904,1603082837,907694403,291266356,528588585,425359706
MDB_S9_COMBINED05,S9,MDB_S9_COMMON,9,1997756681,2012777326,647521725,1494102224,822043612,418762475,1939200351,550457549
MDB_S9_COMBINED05,S9,MDB_S9_COMMON,10,1181914121,104362081,102417436,1811692345,1664685414,425341133,827204194,1107829707
MDB_S9_COMBINED05,S9,MDB_S9_COMMON,11,409240798,674148211,1468620428,408176692,1900219195,2134138197,450983043,242649524
MDB_S9_COMBINED05,S9,MDB_S9_COMMON,12,2104317057,387801305,1211317636,1792337897,653462594,1600093329,72716302,1738240826
MDB_S9_COMBINED05,S9,MDB_S9_COMMON,13,1175552589,1654879590,2079608896,1742676154,994699423,1910111829,519829083,953945654
MDB_S9_COMBINED05,S9,MDB_S9_COMMON,14,216902140,327693952,1756144927,274106263,1534878631,1517648616,1328745260,1731064556
MDB_S9_COMBINED05,S9,MDB_S9_COMMON,15,1546467379,1440216621,2104033852,1517464690,2063763552,1494789900,782721532,188893106
MDB_S9_COMBINED05,S9,MDB_S9_COMMON,16,1109991137,492656987,1009515173,368194336,244352233,2069973704,747706603,697974439
MDB_S9_COMBINED05,S9,MDB_S9_COMMON,17,833502893,2084853878,1819002625,1756973474,1617441598,1729198174,589871154,2025763345
MDB_S9_COMBINED05,S9,MDB_S9_COMMON,18,1192080403,873405038,994794415,1222491281,712380261,2096200975,1507695457,883058734
MDB_S9_COMBINED05,S9,MDB_S9_COMMON,19,1362699347,1168699464,1348514357,575747501,824872549,2011421548,1554517260,1205940423
MDB_S9_COMBINED05,S9,MDB_S9_COMMON,20,1430083759,57872359,652941827,1656486311,915864760,1617270599,1905441231,1605262457
MDB_S10_90M,S10,MDB_S10_COMMON,1,2042684482,1886710146,561829482,1135762979,593027674,1412612430,2019828976,1092557518
MDB_S10_90M,S10,MDB_S10_COMMON,2,1869392461,1219296854,1631584676,95167125,1437866031,658855392,1297785773,1174933735
MDB_S10_90M,S10,MDB_S10_COMMON,3,862676097,1908522675,1818088276,256112718,1138364156,344645655,1917615763,1680372647
MDB_S10_90M,S10,MDB_S10_COMMON,4,18399894,1556008365,745308031,421324368,1152583703,1192327049,426280470,6189499
MDB_S10_90M,S10,MDB_S10_COMMON,5,751030406,1362818052,2011998377,1535575769,1147309061,497773695,2046320918,1596317899
MDB_S10_90M,S10,MDB_S10_COMMON,6,2046013084,841717410,1100369315,634893339,124938427,647444442,2055794935,1813290402
MDB_S10_90M,S10,MDB_S10_COMMON,7,480085032,480356755,969689039,1085371109,886523502,693767173,2066657833,2131655160
MDB_S10_90M,S10,MDB_S10_COMMON,8,2087799563,1926647437,1539230656,1936956549,1471171378,1772496450,1900547645,315190812
MDB_S10_90M,S10,MDB_S10_COMMON,9,1194823784,243955895,1805829784,1025810143,1631794426,111616950,1670377468,1467920894
MDB_S10_90M,S10,MDB_S10_COMMON,10,1492775852,1036514208,1952898632,366269490,425039924,852531857,133973405,950902059
MDB_S10_90M,S10,MDB_S10_COMMON,11,1368111295,411717744,1677641093,126919128,1613875654,1383748602,1457482571,1581866471
MDB_S10_90M,S10,MDB_S10_COMMON,12,218067448,347182263,1700948808,1014360583,60507011,1516751400,956795452,908798472
MDB_S10_90M,S10,MDB_S10_COMMON,13,1271595985,1013781680,1145707119,632390510,135437329,283084324,2037062311,49769975
MDB_S10_90M,S10,MDB_S10_COMMON,14,2136256974,931360123,1053349082,665366869,1427004371,921231557,850634524,1855024342
MDB_S10_90M,S10,MDB_S10_COMMON,15,1894475060,1846153970,455669121,1982160383,1435517018,1246824378,969033350,1837096959
MDB_S10_90M,S10,MDB_S10_COMMON,16,1119400094,1644835667,738768364,431785941,1357060939,417651151,57614704,475751606
MDB_S10_90M,S10,MDB_S10_COMMON,17,1976128651,1124857350,850482881,1769590194,1709470209,1722990155,1592765319,2141475749
MDB_S10_90M,S10,MDB_S10_COMMON,18,649971101,312305220,1271408327,897412632,1845261955,716488170,953631456,614831349
MDB_S10_90M,S10,MDB_S10_COMMON,19,1978616914,439466819,298820509,1382844251,678401227,1579994466,290425862,96759440
MDB_S10_90M,S10,MDB_S10_COMMON,20,1878085283,2076037487,885691529,371596298,131007538,1715043496,2075400704,687254365
MDB_S10_180M,S10,MDB_S10_COMMON,1,2042684482,1886710146,561829482,1135762979,593027674,1412612430,2019828976,1092557518
MDB_S10_180M,S10,MDB_S10_COMMON,2,1869392461,1219296854,1631584676,95167125,1437866031,658855392,1297785773,1174933735
MDB_S10_180M,S10,MDB_S10_COMMON,3,862676097,1908522675,1818088276,256112718,1138364156,344645655,1917615763,1680372647
MDB_S10_180M,S10,MDB_S10_COMMON,4,18399894,1556008365,745308031,421324368,1152583703,1192327049,426280470,6189499
MDB_S10_180M,S10,MDB_S10_COMMON,5,751030406,1362818052,2011998377,1535575769,1147309061,497773695,2046320918,1596317899
MDB_S10_180M,S10,MDB_S10_COMMON,6,2046013084,841717410,1100369315,634893339,124938427,647444442,2055794935,1813290402
MDB_S10_180M,S10,MDB_S10_COMMON,7,480085032,480356755,969689039,1085371109,886523502,693767173,2066657833,2131655160
MDB_S10_180M,S10,MDB_S10_COMMON,8,2087799563,1926647437,1539230656,1936956549,1471171378,1772496450,1900547645,315190812
MDB_S10_180M,S10,MDB_S10_COMMON,9,1194823784,243955895,1805829784,1025810143,1631794426,111616950,1670377468,1467920894
MDB_S10_180M,S10,MDB_S10_COMMON,10,1492775852,1036514208,1952898632,366269490,425039924,852531857,133973405,950902059
MDB_S10_180M,S10,MDB_S10_COMMON,11,1368111295,411717744,1677641093,126919128,1613875654,1383748602,1457482571,1581866471
MDB_S10_180M,S10,MDB_S10_COMMON,12,218067448,347182263,1700948808,1014360583,60507011,1516751400,956795452,908798472
MDB_S10_180M,S10,MDB_S10_COMMON,13,1271595985,1013781680,1145707119,632390510,135437329,283084324,2037062311,49769975
MDB_S10_180M,S10,MDB_S10_COMMON,14,2136256974,931360123,1053349082,665366869,1427004371,921231557,850634524,1855024342
MDB_S10_180M,S10,MDB_S10_COMMON,15,1894475060,1846153970,455669121,1982160383,1435517018,1246824378,969033350,1837096959
MDB_S10_180M,S10,MDB_S10_COMMON,16,1119400094,1644835667,738768364,431785941,1357060939,417651151,57614704,475751606
MDB_S10_180M,S10,MDB_S10_COMMON,17,1976128651,1124857350,850482881,1769590194,1709470209,1722990155,1592765319,2141475749
MDB_S10_180M,S10,MDB_S10_COMMON,18,649971101,312305220,1271408327,897412632,1845261955,716488170,953631456,614831349
MDB_S10_180M,S10,MDB_S10_COMMON,19,1978616914,439466819,298820509,1382844251,678401227,1579994466,290425862,96759440
MDB_S10_180M,S10,MDB_S10_COMMON,20,1878085283,2076037487,885691529,371596298,131007538,1715043496,2075400704,687254365
MDB_ST1_MIXED_ATOMS,ST1,MDB_ST1_COMMON,1,692401397,160603566,998194493,1867029374,402547641,494023986,781274399,595186992
MDB_ST1_MIXED_ATOMS,ST1,MDB_ST1_COMMON,2,1748370615,1409531812,165387365,1311291244,73966262,718194015,2069318780,266090607
MDB_ST1_MIXED_ATOMS,ST1,MDB_ST1_COMMON,3,213812333,1182152944,2126420883,1245110208,570080720,1841384077,1229751497,1431119093
MDB_ST1_MIXED_ATOMS,ST1,MDB_ST1_COMMON,4,1279008039,726110891,1361476249,708907904,1213566701,538869110,1765190686,1337096966
MDB_ST1_MIXED_ATOMS,ST1,MDB_ST1_COMMON,5,1247544699,282431998,1334474388,217816800,253375157,421276597,16065829,903568433
MDB_ST1_MIXED_ATOMS,ST1,MDB_ST1_COMMON,6,1525076625,6746342,2018608511,1866132095,1566797478,1294725591,1780401949,2031925245
MDB_ST1_MIXED_ATOMS,ST1,MDB_ST1_COMMON,7,284491164,1681852230,1304864839,1739736760,1226726250,473776580,721599619,44148466
MDB_ST1_MIXED_ATOMS,ST1,MDB_ST1_COMMON,8,1042499,215790620,778543061,935342065,319440006,1791601639,841353117,815472771
MDB_ST1_MIXED_ATOMS,ST1,MDB_ST1_COMMON,9,886301407,313348841,819581617,1837526031,1456403557,735168506,1290446198,1159018836
MDB_ST1_MIXED_ATOMS,ST1,MDB_ST1_COMMON,10,1884699680,249313357,81762523,1435828880,843381460,585465303,1462831654,1989230631
MDB_ST1_MIXED_ATOMS,ST1,MDB_ST1_COMMON,11,1283502744,2037742397,1036489371,852314278,984016231,1214035665,305007466,1163085163
MDB_ST1_MIXED_ATOMS,ST1,MDB_ST1_COMMON,12,291243573,1647352080,545687862,23706193,2147174062,2136943275,1805414418,211297330
MDB_ST1_MIXED_ATOMS,ST1,MDB_ST1_COMMON,13,520584724,658021305,1560138507,717017714,186740043,1658437844,1962258468,487953560
MDB_ST1_MIXED_ATOMS,ST1,MDB_ST1_COMMON,14,1319203601,1620337276,421007252,2138234075,348121986,1084878942,916273535,1433505652
MDB_ST1_MIXED_ATOMS,ST1,MDB_ST1_COMMON,15,1549739121,163097903,305149189,797259497,1413796070,1737084592,900630362,876163276
MDB_ST1_MIXED_ATOMS,ST1,MDB_ST1_COMMON,16,639858033,1969483477,1903500569,768638802,704254268,2005546420,902351239,1080313914
MDB_ST1_MIXED_ATOMS,ST1,MDB_ST1_COMMON,17,2020086206,1243634236,50474367,880875718,1759272427,420570626,1159216484,1069144835
MDB_ST1_MIXED_ATOMS,ST1,MDB_ST1_COMMON,18,1447490695,104491397,1460098404,2109390523,931823209,3353640,377766260,1045054565
MDB_ST1_MIXED_ATOMS,ST1,MDB_ST1_COMMON,19,1487313596,2144478352,1513861462,1027839832,890384050,771699588,1511244381,1613101367
MDB_ST1_MIXED_ATOMS,ST1,MDB_ST1_COMMON,20,1103784021,1276871864,114125456,1777487652,957592588,500610293,661715057,1921058524
MDB_ST1_INTERIOR_ONLY,ST1,MDB_ST1_COMMON,1,692401397,160603566,998194493,1867029374,402547641,494023986,781274399,595186992
MDB_ST1_INTERIOR_ONLY,ST1,MDB_ST1_COMMON,2,1748370615,1409531812,165387365,1311291244,73966262,718194015,2069318780,266090607
MDB_ST1_INTERIOR_ONLY,ST1,MDB_ST1_COMMON,3,213812333,1182152944,2126420883,1245110208,570080720,1841384077,1229751497,1431119093
MDB_ST1_INTERIOR_ONLY,ST1,MDB_ST1_COMMON,4,1279008039,726110891,1361476249,708907904,1213566701,538869110,1765190686,1337096966
MDB_ST1_INTERIOR_ONLY,ST1,MDB_ST1_COMMON,5,1247544699,282431998,1334474388,217816800,253375157,421276597,16065829,903568433
MDB_ST1_INTERIOR_ONLY,ST1,MDB_ST1_COMMON,6,1525076625,6746342,2018608511,1866132095,1566797478,1294725591,1780401949,2031925245
MDB_ST1_INTERIOR_ONLY,ST1,MDB_ST1_COMMON,7,284491164,1681852230,1304864839,1739736760,1226726250,473776580,721599619,44148466
MDB_ST1_INTERIOR_ONLY,ST1,MDB_ST1_COMMON,8,1042499,215790620,778543061,935342065,319440006,1791601639,841353117,815472771
MDB_ST1_INTERIOR_ONLY,ST1,MDB_ST1_COMMON,9,886301407,313348841,819581617,1837526031,1456403557,735168506,1290446198,1159018836
MDB_ST1_INTERIOR_ONLY,ST1,MDB_ST1_COMMON,10,1884699680,249313357,81762523,1435828880,843381460,585465303,1462831654,1989230631
MDB_ST1_INTERIOR_ONLY,ST1,MDB_ST1_COMMON,11,1283502744,2037742397,1036489371,852314278,984016231,1214035665,305007466,1163085163
MDB_ST1_INTERIOR_ONLY,ST1,MDB_ST1_COMMON,12,291243573,1647352080,545687862,23706193,2147174062,2136943275,1805414418,211297330
MDB_ST1_INTERIOR_ONLY,ST1,MDB_ST1_COMMON,13,520584724,658021305,1560138507,717017714,186740043,1658437844,1962258468,487953560
MDB_ST1_INTERIOR_ONLY,ST1,MDB_ST1_COMMON,14,1319203601,1620337276,421007252,2138234075,348121986,1084878942,916273535,1433505652
MDB_ST1_INTERIOR_ONLY,ST1,MDB_ST1_COMMON,15,1549739121,163097903,305149189,797259497,1413796070,1737084592,900630362,876163276
MDB_ST1_INTERIOR_ONLY,ST1,MDB_ST1_COMMON,16,639858033,1969483477,1903500569,768638802,704254268,2005546420,902351239,1080313914
MDB_ST1_INTERIOR_ONLY,ST1,MDB_ST1_COMMON,17,2020086206,1243634236,50474367,880875718,1759272427,420570626,1159216484,1069144835
MDB_ST1_INTERIOR_ONLY,ST1,MDB_ST1_COMMON,18,1447490695,104491397,1460098404,2109390523,931823209,3353640,377766260,1045054565
MDB_ST1_INTERIOR_ONLY,ST1,MDB_ST1_COMMON,19,1487313596,2144478352,1513861462,1027839832,890384050,771699588,1511244381,1613101367
MDB_ST1_INTERIOR_ONLY,ST1,MDB_ST1_COMMON,20,1103784021,1276871864,114125456,1777487652,957592588,500610293,661715057,1921058524
MDB_ST2_TEMPORAL,ST2,MDB_ST2_TEMPORAL,1,262769256,1639198068,1757633882,1641491164,1617411496,756570051,466791406,1149087514
MDB_ST2_TEMPORAL,ST2,MDB_ST2_TEMPORAL,2,327018209,613231097,2127267056,1870266617,195376507,1513223001,1759330061,1629235092
MDB_ST2_TEMPORAL,ST2,MDB_ST2_TEMPORAL,3,2096188206,426847851,1331088138,1958297877,2064837477,1647046537,2059180205,1931469890
MDB_ST2_TEMPORAL,ST2,MDB_ST2_TEMPORAL,4,1235691090,1114872726,625569102,2085537968,1062413335,1403591064,2145184606,942251550
MDB_ST2_TEMPORAL,ST2,MDB_ST2_TEMPORAL,5,621049443,41626953,1696349226,431293000,1558755814,483561606,710047961,1644138579
MDB_ST2_TEMPORAL,ST2,MDB_ST2_TEMPORAL,6,973741818,614734018,842186660,1826585203,1272107115,956448171,277167899,1173371388
MDB_ST2_TEMPORAL,ST2,MDB_ST2_TEMPORAL,7,113358408,1275103196,314865923,211876653,1502211742,2003435789,1947642206,1431139756
MDB_ST2_TEMPORAL,ST2,MDB_ST2_TEMPORAL,8,399919764,770462153,357777274,242347785,2057175918,1475078178,530530519,2126712085
MDB_ST2_TEMPORAL,ST2,MDB_ST2_TEMPORAL,9,955715722,1250394593,1244699732,163347682,304727687,1685283352,432028292,1058757974
MDB_ST2_TEMPORAL,ST2,MDB_ST2_TEMPORAL,10,1438133135,823915462,1874471419,693099333,832841847,170151421,300966997,1604214410
MDB_ST2_TEMPORAL,ST2,MDB_ST2_TEMPORAL,11,1994755954,394324537,661536710,537106390,295479612,1013073824,230505238,843599475
MDB_ST2_TEMPORAL,ST2,MDB_ST2_TEMPORAL,12,1585282566,1622805417,1693147793,1089428647,676752462,1437412944,1185266634,1425355745
MDB_ST2_TEMPORAL,ST2,MDB_ST2_TEMPORAL,13,402787301,1894043430,614610033,1717638104,33989933,455372704,464226385,2032926615
MDB_ST2_TEMPORAL,ST2,MDB_ST2_TEMPORAL,14,1309184646,1421669875,1404440389,493969266,344092179,2018351961,520008969,665540413
MDB_ST2_TEMPORAL,ST2,MDB_ST2_TEMPORAL,15,324953968,303525641,1533539551,1905328519,461267169,197402757,1012938571,262578895
MDB_ST2_TEMPORAL,ST2,MDB_ST2_TEMPORAL,16,2056150956,2147269379,1230762428,1107072296,1021195434,1205550075,1624058662,1689153781
MDB_ST2_TEMPORAL,ST2,MDB_ST2_TEMPORAL,17,115668220,1218865976,1973744827,1826248192,857919553,1328882301,1243404133,1727499666
MDB_ST2_TEMPORAL,ST2,MDB_ST2_TEMPORAL,18,493801866,994372142,1341363335,1646863615,809049542,145944611,1595552840,56841115
MDB_ST2_TEMPORAL,ST2,MDB_ST2_TEMPORAL,19,642200178,1547707940,525137924,445721657,2055088430,1811437338,31357396,208318770
MDB_ST2_TEMPORAL,ST2,MDB_ST2_TEMPORAL,20,2134598018,531548524,638895897,1086529859,1165537643,692527703,2034957677,303674515
MDB_ST3_HIDDEN_C2,ST3,MDB_ST3_HIDDEN_C2,1,1646573060,814446013,1425627794,1294095014,1563440865,33326716,96797113,851282087
MDB_ST3_HIDDEN_C2,ST3,MDB_ST3_HIDDEN_C2,2,1759109258,39260067,299422633,1456499259,1678807087,2062846409,588649011,1465336124
MDB_ST3_HIDDEN_C2,ST3,MDB_ST3_HIDDEN_C2,3,1930119850,700218106,1504715202,848805197,1297396404,233480511,292737405,1896530702
MDB_ST3_HIDDEN_C2,ST3,MDB_ST3_HIDDEN_C2,4,554466377,1621929484,1444772433,268326069,687228702,528205144,106632667,1471848822
MDB_ST3_HIDDEN_C2,ST3,MDB_ST3_HIDDEN_C2,5,721304301,704187281,79513474,1198141936,1119274300,120789693,735221991,1148787695
MDB_ST3_HIDDEN_C2,ST3,MDB_ST3_HIDDEN_C2,6,320201410,1287373306,1678297540,761803675,535823312,860449866,100589685,550210221
MDB_ST3_HIDDEN_C2,ST3,MDB_ST3_HIDDEN_C2,7,137606180,2145388358,1667381698,2088041612,1474605047,1763063898,669219128,1136775318
MDB_ST3_HIDDEN_C2,ST3,MDB_ST3_HIDDEN_C2,8,211837379,982293387,946967761,356521503,747176069,1299036794,1381715829,19738874
MDB_ST3_HIDDEN_C2,ST3,MDB_ST3_HIDDEN_C2,9,135375209,1063255926,1354001851,265814923,1116482779,2027603680,1608786399,372569163
MDB_ST3_HIDDEN_C2,ST3,MDB_ST3_HIDDEN_C2,10,1435158164,494974614,380701888,1643546450,2068608047,1903942386,1390100341,990979662
MDB_ST3_HIDDEN_C2,ST3,MDB_ST3_HIDDEN_C2,11,1267313094,1018123367,1128893608,1359810951,460436321,2100658718,591988588,165841438
MDB_ST3_HIDDEN_C2,ST3,MDB_ST3_HIDDEN_C2,12,1653586807,108602698,2134671584,1967642538,178308809,105174490,1821198890,297968365
MDB_ST3_HIDDEN_C2,ST3,MDB_ST3_HIDDEN_C2,13,949519282,1382612358,154540951,987932004,773726107,1722734678,1448284690,339012211
MDB_ST3_HIDDEN_C2,ST3,MDB_ST3_HIDDEN_C2,14,1997588927,924158307,171682091,1599852184,1235204674,329129970,1093589404,800106561
MDB_ST3_HIDDEN_C2,ST3,MDB_ST3_HIDDEN_C2,15,66911694,2121668280,669264557,840629324,1393577025,148164341,532304318,1203429201
MDB_ST3_HIDDEN_C2,ST3,MDB_ST3_HIDDEN_C2,16,228365290,535493479,369723974,1437374972,1112691263,1613126365,993892279,374683726
MDB_ST3_HIDDEN_C2,ST3,MDB_ST3_HIDDEN_C2,17,775536179,1973220283,214298253,946486214,812340598,1977141843,1854289197,59299047
MDB_ST3_HIDDEN_C2,ST3,MDB_ST3_HIDDEN_C2,18,1319321143,384854653,914516326,13544826,1159459746,1088672943,1077311533,846184573
MDB_ST3_HIDDEN_C2,ST3,MDB_ST3_HIDDEN_C2,19,314246856,1451584207,1162539480,1302435483,319379024,1304143774,1651347365,366499252
MDB_ST3_HIDDEN_C2,ST3,MDB_ST3_HIDDEN_C2,20,843103247,659776986,894851268,808216365,237331069,775364998,212571786,344783371
